-- phpMyAdmin SQL Dump
-- version 4.8.5
-- https://www.phpmyadmin.net/
--
-- Servidor: 127.0.0.1:3306
-- Tiempo de generación: 14-03-2020 a las 00:15:46
-- Versión del servidor: 5.7.26
-- Versión de PHP: 7.0.33

SET SQL_MODE = "NO_AUTO_VALUE_ON_ZERO";
SET AUTOCOMMIT = 0;
START TRANSACTION;
SET time_zone = "+00:00";


/*!40101 SET @OLD_CHARACTER_SET_CLIENT=@@CHARACTER_SET_CLIENT */;
/*!40101 SET @OLD_CHARACTER_SET_RESULTS=@@CHARACTER_SET_RESULTS */;
/*!40101 SET @OLD_COLLATION_CONNECTION=@@COLLATION_CONNECTION */;
/*!40101 SET NAMES utf8mb4 */;

--
-- Base de datos: `creactiv_shifra`
--

-- --------------------------------------------------------

--
-- Estructura de tabla para la tabla `accion`
--

DROP TABLE IF EXISTS `accion`;
CREATE TABLE IF NOT EXISTS `accion` (
  `id` int(11) NOT NULL AUTO_INCREMENT,
  `nombre` varchar(200) NOT NULL,
  `seccion_menu_id` int(11) NOT NULL,
  `status` int(11) DEFAULT NULL,
  `descripcion` text,
  `icono` varchar(200) NOT NULL,
  `visible` int(11) DEFAULT NULL,
  PRIMARY KEY (`id`),
  KEY `seccion_menu_id` (`seccion_menu_id`) USING BTREE
) ENGINE=InnoDB AUTO_INCREMENT=681 DEFAULT CHARSET=utf8 ROW_FORMAT=DYNAMIC;

--
-- Volcado de datos para la tabla `accion`
--

INSERT INTO `accion` (`id`, `nombre`, `seccion_menu_id`, `status`, `descripcion`, `icono`, `visible`) VALUES
(1, 'Alta', 1, 1, '', 'glyphicon glyphicon-plus', 1),
(2, 'Lista', 1, 1, '', 'glyphicon glyphicon-list-alt', 1),
(3, 'Lista_ajax', 1, 1, '', 'glyphicon glyphicon-list-alt', 0),
(4, 'Alta_bd', 1, 1, '', 'glyphicon glyphicon-list-alt', 0),
(5, 'Elimina_bd', 1, 1, '', 'glyphicon glyphicon-minus', 0),
(6, 'Desactiva_bd', 1, 1, '', 'glyphicon glyphicon-trash', 0),
(7, 'Activa_bd', 1, 1, '', 'glyphicon glyphicon-ok', 0),
(8, 'Modifica', 1, 1, '', 'glyphicon glyphicon-pencil', 0),
(9, 'Modifica_bd', 1, 1, '', 'glyphicon glyphicon-pencil', 0),
(10, 'Alta', 2, 1, '', 'glyphicon glyphicon-plus', 1),
(11, 'Lista', 2, 1, '', 'glyphicon glyphicon-list-alt', 1),
(12, 'Lista_ajax', 2, 1, '', 'glyphicon glyphicon-list-alt', 0),
(13, 'Alta_bd', 2, 1, '', 'glyphicon glyphicon-list-alt', 0),
(14, 'Elimina_bd', 2, 1, '', 'glyphicon glyphicon-minus', 0),
(15, 'Desactiva_bd', 2, 1, '', 'glyphicon glyphicon-trash', 0),
(16, 'Activa_bd', 2, 1, '', 'glyphicon glyphicon-ok', 0),
(17, 'Modifica', 2, 1, '', 'glyphicon glyphicon-pencil', 0),
(18, 'Modifica_bd', 2, 1, '', 'glyphicon glyphicon-pencil', 0),
(19, 'Alta', 3, 1, '', 'glyphicon glyphicon-plus', 1),
(20, 'Lista', 3, 1, '', 'glyphicon glyphicon-list-alt', 1),
(21, 'Lista_ajax', 3, 1, '', 'glyphicon glyphicon-list-alt', 0),
(22, 'Alta_bd', 3, 1, '', 'glyphicon glyphicon-list-alt', 0),
(23, 'Elimina_bd', 3, 1, '', 'glyphicon glyphicon-minus', 0),
(24, 'Desactiva_bd', 3, 1, '', 'glyphicon glyphicon-trash', 0),
(25, 'Activa_bd', 3, 1, '', 'glyphicon glyphicon-ok', 0),
(26, 'Modifica', 3, 1, '', 'glyphicon glyphicon-pencil', 0),
(27, 'Modifica_bd', 3, 1, '', 'glyphicon glyphicon-pencil', 0),
(28, 'Alta', 4, 1, '', 'glyphicon glyphicon-plus', 1),
(29, 'Lista', 4, 1, '', 'glyphicon glyphicon-list-alt', 1),
(30, 'Lista_ajax', 4, 1, '', 'glyphicon glyphicon-list-alt', 0),
(31, 'Alta_bd', 4, 1, '', 'glyphicon glyphicon-list-alt', 0),
(32, 'Elimina_bd', 4, 1, '', 'glyphicon glyphicon-minus', 0),
(33, 'Desactiva_bd', 4, 1, '', 'glyphicon glyphicon-trash', 0),
(34, 'Activa_bd', 4, 1, '', 'glyphicon glyphicon-ok', 0),
(35, 'Modifica', 4, 1, '', 'glyphicon glyphicon-pencil', 0),
(36, 'Modifica_bd', 4, 1, '', 'glyphicon glyphicon-pencil', 0),
(37, 'Alta', 5, 1, '', 'glyphicon glyphicon-plus', 1),
(38, 'Lista', 5, 1, '', 'glyphicon glyphicon-list-alt', 1),
(39, 'Lista_ajax', 5, 1, '', 'glyphicon glyphicon-list-alt', 0),
(40, 'Alta_bd', 5, 1, '', 'glyphicon glyphicon-list-alt', 0),
(41, 'Elimina_bd', 5, 1, '', 'glyphicon glyphicon-minus', 0),
(42, 'Desactiva_bd', 5, 1, '', 'glyphicon glyphicon-trash', 0),
(43, 'Activa_bd', 5, 1, '', 'glyphicon glyphicon-ok', 0),
(44, 'Modifica', 5, 1, '', 'glyphicon glyphicon-pencil', 0),
(45, 'Modifica_bd', 5, 1, '', 'glyphicon glyphicon-pencil', 0),
(46, 'Alta', 6, 1, '', 'glyphicon glyphicon-plus', 1),
(47, 'Lista', 6, 1, '', 'glyphicon glyphicon-list-alt', 1),
(48, 'Lista_ajax', 6, 1, '', 'glyphicon glyphicon-list-alt', 0),
(49, 'Alta_bd', 6, 1, '', 'glyphicon glyphicon-list-alt', 0),
(50, 'Elimina_bd', 6, 1, '', 'glyphicon glyphicon-minus', 0),
(51, 'Inicio', 7, 1, '', 'glyphicon glyphicon-thumbs-up', 1),
(52, 'Logout', 7, 1, '', 'glyphicon glyphicon-off', 1),
(137, 'asigna_accion', 1, 1, '', 'glyphicon glyphicon-usd', 0),
(138, 'agrega_accion_bd', 1, 1, '', 'glyphicon glyphicon-usd', 0),
(139, 'elimina_accion_bd', 1, 1, '', 'glyphicon glyphicon-usd', 0),
(284, 'alta', 44, 1, '', 'fwf wf ew f wef', 1),
(285, 'alta_bd', 44, 1, NULL, 'dwcd  dw', NULL),
(286, 'lista', 44, 1, NULL, 'wdd wd w dw', 1),
(287, 'modifica', 44, 1, 'ewf', 'dwee ', NULL),
(288, 'modifica_bd', 44, 1, 'wef', 'wefwfe', NULL),
(292, 'lista_ajax', 44, 1, 'weew', 'dwew', NULL),
(326, 'elimina_bd', 44, 1, NULL, 'weddw', NULL),
(436, 'Alta', 66, 1, '', 'glyphicon glyphicon-plus', 1),
(437, 'Lista', 66, 1, '', 'glyphicon glyphicon-list-alt', 1),
(438, 'Lista_ajax', 66, 1, '', 'glyphicon glyphicon-list-alt', 0),
(439, 'Alta_bd', 66, 1, '', 'glyphicon glyphicon-list-alt', 0),
(440, 'Elimina_bd', 66, 1, '', 'glyphicon glyphicon-minus', 0),
(441, 'Desactiva_bd', 66, 1, '', 'glyphicon glyphicon-trash', 0),
(442, 'Activa_bd', 66, 1, '', 'glyphicon glyphicon-ok', 0),
(443, 'Modifica', 66, 1, '', 'glyphicon glyphicon-pencil', 0),
(444, 'Modifica_bd', 66, 1, '', 'glyphicon glyphicon-pencil', 0),
(445, 'Alta', 69, 1, '', 'glyphicon glyphicon-plus', 1),
(446, 'Lista', 69, 1, '', 'glyphicon glyphicon-list-alt', 1),
(447, 'Lista_ajax', 69, 1, '', 'glyphicon glyphicon-list-alt', 0),
(448, 'Alta_bd', 69, 1, '', 'glyphicon glyphicon-list-alt', 0),
(449, 'Elimina_bd', 69, 1, '', 'glyphicon glyphicon-minus', 0),
(450, 'Desactiva_bd', 69, 1, '', 'glyphicon glyphicon-trash', 0),
(451, 'Activa_bd', 69, 1, '', 'glyphicon glyphicon-ok', 0),
(452, 'Modifica', 69, 1, '', 'glyphicon glyphicon-pencil', 0),
(453, 'Modifica_bd', 69, 1, '', 'glyphicon glyphicon-pencil', 0),
(454, 'Alta', 70, 1, '', 'glyphicon glyphicon-plus', 1),
(455, 'Lista', 70, 1, '', 'glyphicon glyphicon-list-alt', 1),
(456, 'Lista_ajax', 70, 1, '', 'glyphicon glyphicon-list-alt', 0),
(457, 'Alta_bd', 70, 1, '', 'glyphicon glyphicon-list-alt', 0),
(458, 'Elimina_bd', 70, 1, '', 'glyphicon glyphicon-minus', 0),
(459, 'Desactiva_bd', 70, 1, '', 'glyphicon glyphicon-trash', 0),
(460, 'Activa_bd', 70, 1, '', 'glyphicon glyphicon-ok', 0),
(461, 'Modifica', 70, 1, '', 'glyphicon glyphicon-pencil', 0),
(462, 'Modifica_bd', 70, 1, '', 'glyphicon glyphicon-pencil', 0),
(463, 'Alta', 71, 1, '', 'glyphicon glyphicon-plus', 1),
(464, 'Lista', 71, 1, '', 'glyphicon glyphicon-list-alt', 1),
(465, 'Lista_ajax', 71, 1, '', 'glyphicon glyphicon-list-alt', 0),
(466, 'Alta_bd', 71, 1, '', 'glyphicon glyphicon-list-alt', 0),
(467, 'Elimina_bd', 71, 1, '', 'glyphicon glyphicon-minus', 0),
(468, 'Desactiva_bd', 71, 1, '', 'glyphicon glyphicon-trash', 0),
(469, 'Activa_bd', 71, 1, '', 'glyphicon glyphicon-ok', 0),
(470, 'Modifica', 71, 1, '', 'glyphicon glyphicon-pencil', 0),
(471, 'Modifica_bd', 71, 1, '', 'glyphicon glyphicon-pencil', 0),
(472, 'Alta', 72, 1, '', 'glyphicon glyphicon-plus', 1),
(473, 'Lista', 72, 1, '', 'glyphicon glyphicon-list-alt', 1),
(474, 'Lista_ajax', 72, 1, '', 'glyphicon glyphicon-list-alt', 0),
(475, 'Alta_bd', 72, 1, '', 'glyphicon glyphicon-list-alt', 0),
(476, 'Elimina_bd', 72, 1, '', 'glyphicon glyphicon-minus', 0),
(477, 'Desactiva_bd', 72, 1, '', 'glyphicon glyphicon-trash', 0),
(478, 'Activa_bd', 72, 1, '', 'glyphicon glyphicon-ok', 0),
(479, 'Modifica', 72, 1, '', 'glyphicon glyphicon-pencil', 0),
(480, 'Modifica_bd', 72, 1, '', 'glyphicon glyphicon-pencil', 0),
(481, 'Alta', 73, 1, '', 'glyphicon glyphicon-plus', 1),
(482, 'Lista', 73, 1, '', 'glyphicon glyphicon-list-alt', 1),
(483, 'Lista_ajax', 73, 1, '', 'glyphicon glyphicon-list-alt', 0),
(484, 'Alta_bd', 73, 1, '', 'glyphicon glyphicon-list-alt', 0),
(485, 'Elimina_bd', 73, 1, '', 'glyphicon glyphicon-minus', 0),
(486, 'Desactiva_bd', 73, 1, '', 'glyphicon glyphicon-trash', 0),
(487, 'Activa_bd', 73, 1, '', 'glyphicon glyphicon-ok', 0),
(488, 'Modifica', 73, 1, '', 'glyphicon glyphicon-pencil', 0),
(489, 'Modifica_bd', 73, 1, '', 'glyphicon glyphicon-pencil', 0),
(490, 'Alta', 74, 0, '', 'glyphicon glyphicon-plus', 1),
(491, 'Lista', 74, 1, '', 'glyphicon glyphicon-list-alt', 1),
(492, 'Lista_ajax', 74, 1, '', 'glyphicon glyphicon-list-alt', 0),
(493, 'Alta_bd', 74, 0, '', 'glyphicon glyphicon-list-alt', 0),
(494, 'Elimina_bd', 74, 1, '', 'glyphicon glyphicon-minus', 0),
(495, 'Desactiva_bd', 74, 1, '', 'glyphicon glyphicon-trash', 0),
(496, 'Activa_bd', 74, 1, '', 'glyphicon glyphicon-ok', 0),
(497, 'Modifica', 74, 1, '', 'glyphicon glyphicon-pencil', 0),
(498, 'Modifica_bd', 74, 1, '', 'glyphicon glyphicon-pencil', 0),
(499, 'Alta', 75, 1, '', 'glyphicon glyphicon-plus', 1),
(500, 'Lista', 75, 1, '', 'glyphicon glyphicon-list-alt', 1),
(501, 'Lista_ajax', 75, 1, '', 'glyphicon glyphicon-list-alt', 0),
(502, 'Alta_bd', 75, 1, '', 'glyphicon glyphicon-list-alt', 0),
(503, 'Elimina_bd', 75, 1, '', 'glyphicon glyphicon-minus', 0),
(504, 'Desactiva_bd', 75, 1, '', 'glyphicon glyphicon-trash', 0),
(505, 'Activa_bd', 75, 1, '', 'glyphicon glyphicon-ok', 0),
(506, 'Modifica', 75, 1, '', 'glyphicon glyphicon-pencil', 0),
(507, 'Modifica_bd', 75, 1, '', 'glyphicon glyphicon-pencil', 0),
(508, 'Alta', 76, 1, '', 'glyphicon glyphicon-plus', 1),
(509, 'Lista', 76, 1, '', 'glyphicon glyphicon-list-alt', 1),
(510, 'Lista_ajax', 76, 1, '', 'glyphicon glyphicon-list-alt', 0),
(511, 'Alta_bd', 76, 1, '', 'glyphicon glyphicon-list-alt', 0),
(512, 'Elimina_bd', 76, 1, '', 'glyphicon glyphicon-minus', 0),
(513, 'Desactiva_bd', 76, 1, '', 'glyphicon glyphicon-trash', 0),
(514, 'Activa_bd', 76, 1, '', 'glyphicon glyphicon-ok', 0),
(515, 'Modifica', 76, 1, '', 'glyphicon glyphicon-pencil', 0),
(516, 'Modifica_bd', 76, 1, '', 'glyphicon glyphicon-pencil', 0),
(517, 'Alta', 77, 1, '', 'glyphicon glyphicon-plus', 1),
(518, 'Lista', 77, 1, '', 'glyphicon glyphicon-list-alt', 1),
(519, 'Lista_ajax', 77, 1, '', 'glyphicon glyphicon-list-alt', 0),
(520, 'Alta_bd', 77, 1, '', 'glyphicon glyphicon-list-alt', 0),
(521, 'Elimina_bd', 77, 1, '', 'glyphicon glyphicon-minus', 0),
(522, 'Desactiva_bd', 77, 1, '', 'glyphicon glyphicon-trash', 0),
(523, 'Activa_bd', 77, 1, '', 'glyphicon glyphicon-ok', 0),
(524, 'Modifica', 77, 1, '', 'glyphicon glyphicon-pencil', 0),
(525, 'Modifica_bd', 77, 1, '', 'glyphicon glyphicon-pencil', 0),
(526, 'Alta', 78, 1, '', 'glyphicon glyphicon-plus', 0),
(527, 'Lista', 78, 1, '', 'glyphicon glyphicon-list-alt', 0),
(528, 'Lista_ajax', 78, 1, '', 'glyphicon glyphicon-list-alt', 0),
(529, 'Alta_bd', 78, 1, '', 'glyphicon glyphicon-list-alt', 0),
(530, 'Elimina_bd', 78, 1, '', 'glyphicon glyphicon-minus', 0),
(531, 'Desactiva_bd', 78, 1, '', 'glyphicon glyphicon-trash', 0),
(532, 'Activa_bd', 78, 1, '', 'glyphicon glyphicon-ok', 0),
(533, 'Modifica', 78, 1, '', 'glyphicon glyphicon-pencil', 0),
(534, 'Modifica_bd', 78, 1, '', 'glyphicon glyphicon-pencil', 0),
(535, 'Alta', 79, 1, '', 'glyphicon glyphicon-plus', 1),
(536, 'Lista', 79, 1, '', 'glyphicon glyphicon-list-alt', 1),
(537, 'Lista_ajax', 79, 1, '', 'glyphicon glyphicon-list-alt', 0),
(538, 'Alta_bd', 79, 1, '', 'glyphicon glyphicon-list-alt', 0),
(539, 'Elimina_bd', 79, 1, '', 'glyphicon glyphicon-minus', 0),
(540, 'Desactiva_bd', 79, 1, '', 'glyphicon glyphicon-trash', 0),
(541, 'Activa_bd', 79, 1, '', 'glyphicon glyphicon-ok', 0),
(542, 'Modifica', 79, 1, '', 'glyphicon glyphicon-pencil', 0),
(543, 'Modifica_bd', 79, 1, '', 'glyphicon glyphicon-pencil', 0),
(544, 'Alta', 80, 1, '', 'glyphicon glyphicon-plus', 1),
(545, 'Lista', 80, 1, '', 'glyphicon glyphicon-list-alt', 1),
(546, 'Lista_ajax', 80, 1, '', 'glyphicon glyphicon-list-alt', 0),
(547, 'Alta_bd', 80, 1, '', 'glyphicon glyphicon-list-alt', 0),
(548, 'Elimina_bd', 80, 1, '', 'glyphicon glyphicon-minus', 0),
(549, 'Desactiva_bd', 80, 1, '', 'glyphicon glyphicon-trash', 0),
(550, 'Activa_bd', 80, 1, '', 'glyphicon glyphicon-ok', 0),
(551, 'Modifica', 80, 1, '', 'glyphicon glyphicon-pencil', 0),
(552, 'Modifica_bd', 80, 1, '', 'glyphicon glyphicon-pencil', 0),
(553, 'Alta', 81, 1, '', 'glyphicon glyphicon-plus', 1),
(554, 'Lista', 81, 1, '', 'glyphicon glyphicon-list-alt', 1),
(555, 'Lista_ajax', 81, 1, '', 'glyphicon glyphicon-list-alt', 0),
(556, 'Alta_bd', 81, 1, '', 'glyphicon glyphicon-list-alt', 0),
(557, 'Elimina_bd', 81, 1, '', 'glyphicon glyphicon-minus', 0),
(558, 'Desactiva_bd', 81, 1, '', 'glyphicon glyphicon-trash', 0),
(559, 'Activa_bd', 81, 1, '', 'glyphicon glyphicon-ok', 0),
(560, 'Modifica', 81, 1, '', 'glyphicon glyphicon-pencil', 0),
(561, 'Modifica_bd', 81, 1, '', 'glyphicon glyphicon-pencil', 0),
(562, 'Alta', 82, 1, '', 'glyphicon glyphicon-plus', 1),
(563, 'Lista', 82, 1, '', 'glyphicon glyphicon-list-alt', 1),
(564, 'Lista_ajax', 82, 1, '', 'glyphicon glyphicon-list-alt', 0),
(565, 'Alta_bd', 82, 1, '', 'glyphicon glyphicon-list-alt', 0),
(566, 'Elimina_bd', 82, 1, '', 'glyphicon glyphicon-minus', 0),
(567, 'Desactiva_bd', 82, 1, '', 'glyphicon glyphicon-trash', 0),
(568, 'Activa_bd', 82, 1, '', 'glyphicon glyphicon-ok', 0),
(569, 'Modifica', 82, 1, '', 'glyphicon glyphicon-pencil', 0),
(570, 'Modifica_bd', 82, 1, '', 'glyphicon glyphicon-pencil', 0),
(571, 'Alta', 83, 1, '', 'glyphicon glyphicon-plus', 1),
(572, 'Lista', 83, 1, '', 'glyphicon glyphicon-list-alt', 1),
(573, 'Lista_ajax', 83, 1, '', 'glyphicon glyphicon-list-alt', 0),
(574, 'Alta_bd', 83, 1, '', 'glyphicon glyphicon-list-alt', 0),
(575, 'Elimina_bd', 83, 1, '', 'glyphicon glyphicon-minus', 0),
(576, 'Desactiva_bd', 83, 1, '', 'glyphicon glyphicon-trash', 0),
(577, 'Activa_bd', 83, 1, '', 'glyphicon glyphicon-ok', 0),
(578, 'Modifica', 83, 1, '', 'glyphicon glyphicon-pencil', 0),
(579, 'Modifica_bd', 83, 1, '', 'glyphicon glyphicon-pencil', 0),
(580, 'Alta', 84, 1, '', 'glyphicon glyphicon-plus', 1),
(581, 'Lista', 84, 1, '', 'glyphicon glyphicon-list-alt', 1),
(582, 'Lista_ajax', 84, 1, '', 'glyphicon glyphicon-list-alt', 0),
(583, 'Alta_bd', 84, 1, '', 'glyphicon glyphicon-list-alt', 0),
(584, 'Elimina_bd', 84, 1, '', 'glyphicon glyphicon-minus', 0),
(585, 'Desactiva_bd', 84, 1, '', 'glyphicon glyphicon-trash', 0),
(586, 'Activa_bd', 84, 1, '', 'glyphicon glyphicon-ok', 0),
(587, 'Modifica', 84, 1, '', 'glyphicon glyphicon-pencil', 0),
(588, 'Modifica_bd', 84, 1, '', 'glyphicon glyphicon-pencil', 0),
(589, 'Alta', 85, 1, '', 'glyphicon glyphicon-plus', 1),
(590, 'Lista', 85, 1, '', 'glyphicon glyphicon-list-alt', 1),
(591, 'Lista_ajax', 85, 1, '', 'glyphicon glyphicon-list-alt', 0),
(592, 'Alta_bd', 85, 1, '', 'glyphicon glyphicon-list-alt', 0),
(593, 'Elimina_bd', 85, 1, '', 'glyphicon glyphicon-minus', 0),
(594, 'Desactiva_bd', 85, 1, '', 'glyphicon glyphicon-trash', 0),
(595, 'Activa_bd', 85, 1, '', 'glyphicon glyphicon-ok', 0),
(596, 'Modifica', 85, 1, '', 'glyphicon glyphicon-pencil', 0),
(597, 'Modifica_bd', 85, 1, '', 'glyphicon glyphicon-pencil', 0),
(598, 'Alta', 86, 1, '', 'glyphicon glyphicon-plus', 1),
(599, 'Lista', 86, 1, '', 'glyphicon glyphicon-list-alt', 1),
(600, 'Lista_ajax', 86, 1, '', 'glyphicon glyphicon-list-alt', 0),
(601, 'Alta_bd', 86, 1, '', 'glyphicon glyphicon-list-alt', 0),
(602, 'Elimina_bd', 86, 1, '', 'glyphicon glyphicon-minus', 0),
(603, 'Desactiva_bd', 86, 1, '', 'glyphicon glyphicon-trash', 0),
(604, 'Activa_bd', 86, 1, '', 'glyphicon glyphicon-ok', 0),
(605, 'Modifica', 86, 1, '', 'glyphicon glyphicon-pencil', 0),
(606, 'Modifica_bd', 86, 1, '', 'glyphicon glyphicon-pencil', 0),
(607, 'Alta', 87, 1, '', 'glyphicon glyphicon-plus', 1),
(608, 'Lista', 87, 1, '', 'glyphicon glyphicon-list-alt', 1),
(609, 'Lista_ajax', 87, 1, '', 'glyphicon glyphicon-list-alt', 0),
(610, 'Alta_bd', 87, 1, '', 'glyphicon glyphicon-list-alt', 0),
(611, 'Elimina_bd', 87, 1, '', 'glyphicon glyphicon-minus', 0),
(612, 'Desactiva_bd', 87, 1, '', 'glyphicon glyphicon-trash', 0),
(613, 'Activa_bd', 87, 1, '', 'glyphicon glyphicon-ok', 0),
(614, 'Modifica', 87, 1, '', 'glyphicon glyphicon-pencil', 0),
(615, 'Modifica_bd', 87, 1, '', 'glyphicon glyphicon-pencil', 0),
(617, 'agenda', 77, 1, NULL, 'glyphicon glyphicon-calendar', 1),
(618, 'Alta', 88, 1, '', 'glyphicon glyphicon-plus', 1),
(619, 'Lista', 88, 1, '', 'glyphicon glyphicon-list-alt', 1),
(620, 'Lista_ajax', 88, 1, '', 'glyphicon glyphicon-list-alt', 0),
(621, 'Alta_bd', 88, 1, '', 'glyphicon glyphicon-list-alt', 0),
(622, 'Elimina_bd', 88, 1, '', 'glyphicon glyphicon-minus', 0),
(623, 'Desactiva_bd', 88, 1, '', 'glyphicon glyphicon-trash', 0),
(624, 'Activa_bd', 88, 1, '', 'glyphicon glyphicon-ok', 0),
(625, 'Modifica', 88, 1, '', 'glyphicon glyphicon-pencil', 0),
(626, 'Modifica_bd', 88, 1, '', 'glyphicon glyphicon-pencil', 0),
(627, 'Alta', 89, 1, '', 'glyphicon glyphicon-plus', 1),
(628, 'Lista', 89, 1, '', 'glyphicon glyphicon-list-alt', 1),
(629, 'Lista_ajax', 89, 1, '', 'glyphicon glyphicon-list-alt', 0),
(630, 'Alta_bd', 89, 1, '', 'glyphicon glyphicon-list-alt', 0),
(631, 'Elimina_bd', 89, 1, '', 'glyphicon glyphicon-minus', 0),
(632, 'Desactiva_bd', 89, 1, '', 'glyphicon glyphicon-trash', 0),
(633, 'Activa_bd', 89, 1, '', 'glyphicon glyphicon-ok', 0),
(634, 'Modifica', 89, 1, '', 'glyphicon glyphicon-pencil', 0),
(635, 'Modifica_bd', 89, 1, '', 'glyphicon glyphicon-pencil', 0),
(636, 'Alta', 90, 1, '', 'glyphicon glyphicon-plus', 1),
(637, 'Lista', 90, 1, '', 'glyphicon glyphicon-list-alt', 1),
(638, 'Lista_ajax', 90, 1, '', 'glyphicon glyphicon-list-alt', 0),
(639, 'Alta_bd', 90, 1, '', 'glyphicon glyphicon-list-alt', 0),
(640, 'Elimina_bd', 90, 1, '', 'glyphicon glyphicon-minus', 0),
(641, 'Desactiva_bd', 90, 1, '', 'glyphicon glyphicon-trash', 0),
(642, 'Activa_bd', 90, 1, '', 'glyphicon glyphicon-ok', 0),
(643, 'Modifica', 90, 1, '', 'glyphicon glyphicon-pencil', 0),
(644, 'Modifica_bd', 90, 1, '', 'glyphicon glyphicon-pencil', 0),
(645, 'Alta', 91, 1, '', 'glyphicon glyphicon-plus', 1),
(646, 'Lista', 91, 1, '', 'glyphicon glyphicon-list-alt', 1),
(647, 'Lista_ajax', 91, 1, '', 'glyphicon glyphicon-list-alt', 0),
(648, 'Alta_bd', 91, 1, '', 'glyphicon glyphicon-list-alt', 0),
(649, 'Elimina_bd', 91, 1, '', 'glyphicon glyphicon-minus', 0),
(650, 'Desactiva_bd', 91, 1, '', 'glyphicon glyphicon-trash', 0),
(651, 'Activa_bd', 91, 1, '', 'glyphicon glyphicon-ok', 0),
(652, 'Modifica', 91, 1, '', 'glyphicon glyphicon-pencil', 0),
(653, 'Modifica_bd', 91, 1, '', 'glyphicon glyphicon-pencil', 0),
(654, 'Alta', 92, 1, '', 'glyphicon glyphicon-plus', 1),
(655, 'Lista', 92, 1, '', 'glyphicon glyphicon-list-alt', 1),
(656, 'Lista_ajax', 92, 1, '', 'glyphicon glyphicon-list-alt', 0),
(657, 'Alta_bd', 92, 1, '', 'glyphicon glyphicon-list-alt', 0),
(658, 'Elimina_bd', 92, 1, '', 'glyphicon glyphicon-minus', 0),
(659, 'Desactiva_bd', 92, 1, '', 'glyphicon glyphicon-trash', 0),
(660, 'Activa_bd', 92, 1, '', 'glyphicon glyphicon-ok', 0),
(661, 'Modifica', 92, 1, '', 'glyphicon glyphicon-pencil', 0),
(662, 'Modifica_bd', 92, 1, '', 'glyphicon glyphicon-pencil', 0),
(663, 'Alta', 93, 1, '', 'glyphicon glyphicon-plus', 1),
(664, 'Lista', 93, 1, '', 'glyphicon glyphicon-list-alt', 1),
(665, 'Lista_ajax', 93, 1, '', 'glyphicon glyphicon-list-alt', 0),
(666, 'Alta_bd', 93, 1, '', 'glyphicon glyphicon-list-alt', 0),
(667, 'Elimina_bd', 93, 1, '', 'glyphicon glyphicon-minus', 0),
(668, 'Desactiva_bd', 93, 1, '', 'glyphicon glyphicon-trash', 0),
(669, 'Activa_bd', 93, 1, '', 'glyphicon glyphicon-ok', 0),
(670, 'Modifica', 93, 1, '', 'glyphicon glyphicon-pencil', 0),
(671, 'Modifica_bd', 93, 1, '', 'glyphicon glyphicon-pencil', 0),
(672, 'Alta', 94, 1, '', 'glyphicon glyphicon-plus', 1),
(673, 'Lista', 94, 1, '', 'glyphicon glyphicon-list-alt', 1),
(674, 'Lista_ajax', 94, 1, '', 'glyphicon glyphicon-list-alt', 0),
(675, 'Alta_bd', 94, 1, '', 'glyphicon glyphicon-list-alt', 0),
(676, 'Elimina_bd', 94, 1, '', 'glyphicon glyphicon-minus', 0),
(677, 'Desactiva_bd', 94, 1, '', 'glyphicon glyphicon-trash', 0),
(678, 'Activa_bd', 94, 1, '', 'glyphicon glyphicon-ok', 0),
(679, 'Modifica', 94, 1, '', 'glyphicon glyphicon-pencil', 0),
(680, 'Modifica_bd', 94, 1, '', 'glyphicon glyphicon-pencil', 0);

-- --------------------------------------------------------

--
-- Estructura de tabla para la tabla `accion_grupo`
--

DROP TABLE IF EXISTS `accion_grupo`;
CREATE TABLE IF NOT EXISTS `accion_grupo` (
  `id` int(11) NOT NULL AUTO_INCREMENT,
  `accion_id` int(11) NOT NULL,
  `grupo_id` int(11) NOT NULL,
  PRIMARY KEY (`id`),
  UNIQUE KEY `accion_grupo` (`accion_id`,`grupo_id`) USING BTREE,
  KEY `grupo_id` (`grupo_id`) USING BTREE
) ENGINE=InnoDB AUTO_INCREMENT=1201 DEFAULT CHARSET=utf8 ROW_FORMAT=DYNAMIC;

--
-- Volcado de datos para la tabla `accion_grupo`
--

INSERT INTO `accion_grupo` (`id`, `accion_id`, `grupo_id`) VALUES
(248, 1, 1),
(217, 2, 1),
(201, 3, 1),
(203, 4, 1),
(213, 5, 1),
(1, 6, 1),
(7, 7, 1),
(218, 8, 1),
(216, 9, 1),
(10, 10, 1),
(11, 11, 1),
(12, 12, 1),
(161, 13, 1),
(162, 14, 1),
(163, 15, 1),
(164, 16, 1),
(165, 17, 1),
(166, 18, 1),
(19, 19, 1),
(20, 20, 1),
(21, 21, 1),
(22, 22, 1),
(23, 23, 1),
(24, 24, 1),
(25, 25, 1),
(26, 26, 1),
(27, 27, 1),
(28, 28, 1),
(29, 29, 1),
(30, 30, 1),
(31, 31, 1),
(32, 32, 1),
(33, 33, 1),
(34, 34, 1),
(35, 35, 1),
(36, 36, 1),
(37, 37, 1),
(38, 38, 1),
(39, 39, 1),
(40, 40, 1),
(41, 41, 1),
(42, 42, 1),
(43, 43, 1),
(44, 44, 1),
(936, 44, 2),
(1073, 44, 3),
(45, 45, 1),
(937, 45, 2),
(1074, 45, 3),
(48, 48, 1),
(49, 49, 1),
(50, 50, 1),
(51, 51, 1),
(422, 51, 2),
(938, 51, 3),
(1053, 51, 4),
(52, 52, 1),
(423, 52, 2),
(939, 52, 3),
(1054, 52, 4),
(200, 137, 1),
(138, 138, 1),
(139, 139, 1),
(466, 284, 1),
(467, 285, 1),
(468, 286, 1),
(469, 287, 1),
(470, 288, 1),
(471, 292, 1),
(613, 326, 1),
(614, 436, 1),
(924, 436, 2),
(615, 437, 1),
(696, 437, 2),
(940, 437, 3),
(1057, 437, 4),
(616, 438, 1),
(697, 438, 2),
(941, 438, 3),
(1058, 438, 4),
(617, 439, 1),
(925, 439, 2),
(618, 440, 1),
(926, 440, 2),
(619, 441, 1),
(699, 441, 2),
(620, 442, 1),
(700, 442, 2),
(621, 443, 1),
(927, 443, 2),
(622, 444, 1),
(928, 444, 2),
(623, 445, 1),
(806, 445, 2),
(949, 445, 3),
(624, 446, 1),
(701, 446, 2),
(951, 446, 3),
(1055, 446, 4),
(625, 447, 1),
(702, 447, 2),
(952, 447, 3),
(1056, 447, 4),
(626, 448, 1),
(807, 448, 2),
(953, 448, 3),
(627, 449, 1),
(808, 449, 2),
(628, 450, 1),
(703, 450, 2),
(955, 450, 3),
(629, 451, 1),
(704, 451, 2),
(956, 451, 3),
(630, 452, 1),
(809, 452, 2),
(957, 452, 3),
(631, 453, 1),
(810, 453, 2),
(950, 453, 3),
(632, 454, 1),
(633, 455, 1),
(634, 456, 1),
(635, 457, 1),
(636, 458, 1),
(637, 459, 1),
(638, 460, 1),
(639, 461, 1),
(640, 462, 1),
(641, 463, 1),
(817, 463, 2),
(978, 463, 3),
(642, 464, 1),
(818, 464, 2),
(979, 464, 3),
(1063, 464, 4),
(643, 465, 1),
(819, 465, 2),
(980, 465, 3),
(1064, 465, 4),
(644, 466, 1),
(820, 466, 2),
(981, 466, 3),
(645, 467, 1),
(821, 467, 2),
(647, 468, 1),
(822, 468, 2),
(987, 468, 3),
(646, 469, 1),
(823, 469, 2),
(1076, 469, 3),
(648, 470, 1),
(824, 470, 2),
(985, 470, 3),
(649, 471, 1),
(825, 471, 2),
(986, 471, 3),
(650, 472, 1),
(1142, 472, 2),
(651, 473, 1),
(1143, 473, 2),
(652, 474, 1),
(1145, 474, 2),
(653, 475, 1),
(1147, 475, 2),
(654, 476, 1),
(1146, 476, 2),
(655, 477, 1),
(1148, 477, 2),
(656, 478, 1),
(1149, 478, 2),
(657, 479, 1),
(1150, 479, 2),
(658, 480, 1),
(1144, 480, 2),
(659, 481, 1),
(909, 481, 2),
(1080, 481, 3),
(660, 482, 1),
(854, 482, 2),
(1016, 482, 3),
(1065, 482, 4),
(661, 483, 1),
(855, 483, 2),
(1017, 483, 3),
(1066, 483, 4),
(662, 484, 1),
(910, 484, 2),
(1081, 484, 3),
(663, 485, 1),
(911, 485, 2),
(664, 486, 1),
(856, 486, 2),
(1019, 486, 3),
(665, 487, 1),
(857, 487, 2),
(1018, 487, 3),
(666, 488, 1),
(912, 488, 2),
(1082, 488, 3),
(667, 489, 1),
(913, 489, 2),
(1083, 489, 3),
(668, 490, 1),
(858, 490, 2),
(669, 491, 1),
(721, 491, 2),
(1020, 491, 3),
(1067, 491, 4),
(670, 492, 1),
(722, 492, 2),
(1021, 492, 3),
(1068, 492, 4),
(671, 493, 1),
(859, 493, 2),
(672, 494, 1),
(860, 494, 2),
(673, 495, 1),
(723, 495, 2),
(1022, 495, 3),
(674, 496, 1),
(724, 496, 2),
(1023, 496, 3),
(675, 497, 1),
(861, 497, 2),
(676, 498, 1),
(862, 498, 2),
(677, 499, 1),
(919, 499, 2),
(678, 500, 1),
(705, 500, 2),
(967, 500, 3),
(1059, 500, 4),
(679, 501, 1),
(706, 501, 2),
(960, 501, 3),
(1060, 501, 4),
(680, 502, 1),
(921, 502, 2),
(681, 503, 1),
(922, 503, 2),
(682, 504, 1),
(707, 504, 2),
(683, 505, 1),
(708, 505, 2),
(684, 506, 1),
(923, 506, 2),
(685, 507, 1),
(920, 507, 2),
(686, 508, 1),
(914, 508, 2),
(968, 508, 3),
(687, 509, 1),
(709, 509, 2),
(969, 509, 3),
(1061, 509, 4),
(688, 510, 1),
(710, 510, 2),
(970, 510, 3),
(1062, 510, 4),
(689, 511, 1),
(915, 511, 2),
(971, 511, 3),
(690, 512, 1),
(916, 512, 2),
(691, 513, 1),
(711, 513, 2),
(973, 513, 3),
(692, 514, 1),
(712, 514, 2),
(974, 514, 3),
(693, 515, 1),
(917, 515, 2),
(975, 515, 3),
(694, 516, 1),
(918, 516, 2),
(976, 516, 3),
(725, 517, 1),
(726, 518, 1),
(1088, 518, 2),
(727, 519, 1),
(1089, 519, 2),
(728, 520, 1),
(730, 521, 1),
(1090, 521, 2),
(729, 522, 1),
(1091, 522, 2),
(731, 523, 1),
(1092, 523, 2),
(732, 524, 1),
(733, 525, 1),
(734, 526, 1),
(826, 526, 2),
(988, 526, 3),
(735, 527, 1),
(827, 527, 2),
(989, 527, 3),
(736, 528, 1),
(828, 528, 2),
(990, 528, 3),
(737, 529, 1),
(829, 529, 2),
(992, 529, 3),
(738, 530, 1),
(830, 530, 2),
(739, 531, 1),
(831, 531, 2),
(993, 531, 3),
(740, 532, 1),
(832, 532, 2),
(994, 532, 3),
(741, 533, 1),
(833, 533, 2),
(995, 533, 3),
(742, 534, 1),
(834, 534, 2),
(996, 534, 3),
(743, 535, 1),
(835, 535, 2),
(997, 535, 3),
(744, 536, 1),
(837, 536, 2),
(999, 536, 3),
(745, 537, 1),
(838, 537, 2),
(1000, 537, 3),
(746, 538, 1),
(839, 538, 2),
(1001, 538, 3),
(747, 539, 1),
(840, 539, 2),
(748, 540, 1),
(841, 540, 2),
(1003, 540, 3),
(749, 541, 1),
(842, 541, 2),
(1006, 541, 3),
(750, 542, 1),
(843, 542, 2),
(1005, 542, 3),
(751, 543, 1),
(836, 543, 2),
(998, 543, 3),
(752, 544, 1),
(844, 544, 2),
(1007, 544, 3),
(754, 545, 1),
(845, 545, 2),
(1008, 545, 3),
(755, 546, 1),
(846, 546, 2),
(1009, 546, 3),
(756, 547, 1),
(847, 547, 2),
(1010, 547, 3),
(757, 548, 1),
(848, 548, 2),
(758, 549, 1),
(849, 549, 2),
(1012, 549, 3),
(759, 550, 1),
(850, 550, 2),
(1013, 550, 3),
(760, 551, 1),
(851, 551, 2),
(1014, 551, 3),
(753, 552, 1),
(852, 552, 2),
(1015, 552, 3),
(761, 553, 1),
(871, 553, 2),
(762, 554, 1),
(863, 554, 2),
(1024, 554, 3),
(763, 555, 1),
(864, 555, 2),
(1025, 555, 3),
(764, 556, 1),
(865, 556, 2),
(765, 557, 1),
(872, 557, 2),
(766, 558, 1),
(866, 558, 2),
(1029, 558, 3),
(767, 559, 1),
(867, 559, 2),
(1030, 559, 3),
(768, 560, 1),
(868, 560, 2),
(1028, 560, 3),
(769, 561, 1),
(870, 561, 2),
(1031, 561, 3),
(770, 562, 1),
(873, 562, 2),
(772, 563, 1),
(874, 563, 2),
(1032, 563, 3),
(773, 564, 1),
(875, 564, 2),
(1033, 564, 3),
(774, 565, 1),
(876, 565, 2),
(775, 566, 1),
(877, 566, 2),
(776, 567, 1),
(878, 567, 2),
(777, 568, 1),
(879, 568, 2),
(778, 569, 1),
(880, 569, 2),
(1034, 569, 3),
(771, 570, 1),
(881, 570, 2),
(1039, 570, 3),
(779, 571, 1),
(882, 571, 2),
(781, 572, 1),
(883, 572, 2),
(1035, 572, 3),
(1071, 572, 4),
(782, 573, 1),
(884, 573, 2),
(1036, 573, 3),
(1072, 573, 4),
(783, 574, 1),
(885, 574, 2),
(784, 575, 1),
(886, 575, 2),
(785, 576, 1),
(887, 576, 2),
(1087, 576, 3),
(786, 577, 1),
(888, 577, 2),
(1086, 577, 3),
(787, 578, 1),
(889, 578, 2),
(1037, 578, 3),
(780, 579, 1),
(890, 579, 2),
(1038, 579, 3),
(788, 580, 1),
(891, 580, 2),
(1042, 580, 3),
(790, 581, 1),
(892, 581, 2),
(1040, 581, 3),
(1069, 581, 4),
(791, 582, 1),
(893, 582, 2),
(1041, 582, 3),
(1070, 582, 4),
(792, 583, 1),
(894, 583, 2),
(1043, 583, 3),
(793, 584, 1),
(895, 584, 2),
(794, 585, 1),
(896, 585, 2),
(1044, 585, 3),
(795, 586, 1),
(897, 586, 2),
(1045, 586, 3),
(796, 587, 1),
(898, 587, 2),
(1046, 587, 3),
(789, 588, 1),
(899, 588, 2),
(1047, 588, 3),
(797, 589, 1),
(900, 589, 2),
(798, 590, 1),
(901, 590, 2),
(1048, 590, 3),
(799, 591, 1),
(903, 591, 2),
(1049, 591, 3),
(800, 592, 1),
(904, 592, 2),
(801, 593, 1),
(905, 593, 2),
(802, 594, 1),
(906, 594, 2),
(803, 595, 1),
(907, 595, 2),
(804, 596, 1),
(908, 596, 2),
(805, 597, 1),
(902, 597, 2),
(1095, 598, 1),
(1123, 598, 2),
(1096, 599, 1),
(1125, 599, 2),
(1097, 600, 1),
(1126, 600, 2),
(1098, 601, 1),
(1127, 601, 2),
(1099, 602, 1),
(1128, 602, 2),
(1100, 603, 1),
(1129, 603, 2),
(1101, 604, 1),
(1130, 604, 2),
(1102, 605, 1),
(1131, 605, 2),
(1103, 606, 1),
(1132, 606, 2),
(1104, 607, 1),
(1133, 607, 2),
(1105, 608, 1),
(1134, 608, 2),
(1106, 609, 1),
(1135, 609, 2),
(1107, 610, 1),
(1136, 610, 2),
(1108, 611, 1),
(1137, 611, 2),
(1109, 612, 1),
(1138, 612, 2),
(1110, 613, 1),
(1139, 613, 2),
(1111, 614, 1),
(1140, 614, 2),
(1112, 615, 1),
(1141, 615, 2),
(1113, 617, 1),
(1114, 618, 1),
(1151, 618, 2),
(1115, 619, 1),
(1152, 619, 2),
(1116, 620, 1),
(1153, 620, 2),
(1117, 621, 1),
(1154, 621, 2),
(1118, 622, 1),
(1155, 622, 2),
(1119, 623, 1),
(1156, 623, 2),
(1120, 624, 1),
(1158, 624, 2),
(1121, 625, 1),
(1157, 625, 2),
(1122, 626, 1),
(1159, 626, 2),
(1160, 627, 1),
(1161, 628, 1),
(1163, 629, 1),
(1164, 630, 1),
(1165, 631, 1),
(1166, 632, 1),
(1172, 632, 2),
(1167, 633, 1),
(1171, 633, 2),
(1168, 634, 1),
(1169, 634, 2),
(1162, 635, 1),
(1170, 635, 2),
(1173, 636, 1),
(1174, 637, 1),
(1175, 638, 1),
(1177, 639, 1),
(1178, 640, 1),
(1179, 641, 1),
(1180, 642, 1),
(1181, 643, 1),
(1182, 644, 1),
(1183, 645, 1),
(1184, 646, 1),
(1185, 647, 1),
(1186, 648, 1),
(1187, 649, 1),
(1188, 650, 1),
(1189, 651, 1),
(1190, 652, 1),
(1191, 653, 1),
(1192, 654, 1),
(1193, 655, 1),
(1194, 656, 1),
(1195, 657, 1),
(1196, 658, 1),
(1197, 659, 1),
(1198, 660, 1),
(1199, 661, 1),
(1200, 662, 1);

-- --------------------------------------------------------

--
-- Estructura de tabla para la tabla `ajustes`
--

DROP TABLE IF EXISTS `ajustes`;
CREATE TABLE IF NOT EXISTS `ajustes` (
  `id` int(11) NOT NULL AUTO_INCREMENT,
  `telefono_1` varchar(20) CHARACTER SET latin1 DEFAULT NULL,
  `telefono_2` varchar(20) CHARACTER SET latin1 DEFAULT NULL,
  `whatsapp` varchar(30) CHARACTER SET latin1 DEFAULT NULL,
  `email_contacto` varchar(40) CHARACTER SET latin1 DEFAULT NULL,
  `status` int(2) DEFAULT NULL,
  PRIMARY KEY (`id`)
) ENGINE=InnoDB AUTO_INCREMENT=2 DEFAULT CHARSET=utf8 COLLATE=utf8_spanish_ci;

--
-- Volcado de datos para la tabla `ajustes`
--

INSERT INTO `ajustes` (`id`, `telefono_1`, `telefono_2`, `whatsapp`, `email_contacto`, `status`) VALUES
(1, '36113310', '36113313', '3311976583', 'hola@shifraspaandares.com.mx', 1);

-- --------------------------------------------------------

--
-- Estructura de tabla para la tabla `cabina`
--

DROP TABLE IF EXISTS `cabina`;
CREATE TABLE IF NOT EXISTS `cabina` (
  `id` int(11) NOT NULL AUTO_INCREMENT,
  `nombre` varchar(50) NOT NULL,
  `archivo` varchar(255) NOT NULL,
  `status` tinyint(1) NOT NULL,
  PRIMARY KEY (`id`)
) ENGINE=InnoDB AUTO_INCREMENT=19 DEFAULT CHARSET=latin1;

--
-- Volcado de datos para la tabla `cabina`
--

INSERT INTO `cabina` (`id`, `nombre`, `archivo`, `status`) VALUES
(1, 'cabina 1', './views/cabina/archivos/15482018569.jpg', 1),
(2, 'cabina 2', './views/cabina/archivos/15482018569.jpg', 1),
(3, 'cabina 3', './views/cabina/archivos/15482018569.jpg', 1),
(4, 'cabina 4', './views/cabina/archivos/15482018569.jpg', 1),
(5, 'cabina 5', './views/cabina/archivos/15482018569.jpg', 1),
(6, 'cabina 6', './views/cabina/archivos/15482018569.jpg', 1),
(7, 'cabina 7', './views/cabina/archivos/15482018569.jpg', 1),
(8, 'cabina 8', './views/cabina/archivos/15482018569.jpg', 1),
(9, 'cabina 9', './views/cabina/archivos/15482018569.jpg', 1),
(10, 'cabina 10', './views/cabina/archivos/15482018569.jpg', 1),
(11, 'cabina 11', './views/cabina/archivos/15482018569.jpg', 1),
(12, 'cabina 12', './views/cabina/archivos/15482018569.jpg', 1),
(13, 'cabina 13', './views/cabina/archivos/15482018569.jpg', 1),
(14, 'cabina 14', './views/cabina/archivos/15482018569.jpg', 1),
(15, 'cabina 15', './views/cabina/archivos/15482018569.jpg', 1),
(16, 'cabina 16', './views/cabina/archivos/15482018569.jpg', 1),
(17, 'cabina 17', './views/cabina/archivos/15482018569.jpg', 1),
(18, 'cabina 18', './views/cabina/archivos/15482018569.jpg', 1);

-- --------------------------------------------------------

--
-- Estructura de tabla para la tabla `categoria_prepago`
--

DROP TABLE IF EXISTS `categoria_prepago`;
CREATE TABLE IF NOT EXISTS `categoria_prepago` (
  `id` int(11) NOT NULL AUTO_INCREMENT,
  `nombre` varchar(50) COLLATE utf8mb4_spanish2_ci NOT NULL,
  `Descripcion` varchar(255) COLLATE utf8mb4_spanish2_ci NOT NULL,
  `status` tinyint(1) NOT NULL,
  PRIMARY KEY (`id`)
) ENGINE=InnoDB AUTO_INCREMENT=4 DEFAULT CHARSET=utf8mb4 COLLATE=utf8mb4_spanish2_ci;

--
-- Volcado de datos para la tabla `categoria_prepago`
--

INSERT INTO `categoria_prepago` (`id`, `nombre`, `Descripcion`, `status`) VALUES
(1, 'Expediente Prepago', 'El expediente prepago es únicamente para un cliente registrado, mismo que dispondrá de los servicios o el efectivo que haya pagado.', 1),
(2, 'Certificado Regalo ', 'El Certificado de Regalo es pagado por un cliente registrado, dirigido a un tercero por el concepto de un servicio o una cantidad en efectivo.', 1),
(3, 'Certificado Cortesía ', 'El Certificado de Cortesía es emitido por ShifraSpa, dirigido a un cliente registrado, por el concepto de un servicio o una cantidad en efectivo. ', 1);

-- --------------------------------------------------------

--
-- Estructura de tabla para la tabla `certificado_regalo`
--

DROP TABLE IF EXISTS `certificado_regalo`;
CREATE TABLE IF NOT EXISTS `certificado_regalo` (
  `id` int(11) NOT NULL AUTO_INCREMENT,
  `framework` text COLLATE utf8mb4_spanish2_ci NOT NULL,
  PRIMARY KEY (`id`)
) ENGINE=MyISAM AUTO_INCREMENT=3 DEFAULT CHARSET=utf8mb4 COLLATE=utf8mb4_spanish2_ci;

--
-- Volcado de datos para la tabla `certificado_regalo`
--

INSERT INTO `certificado_regalo` (`id`, `framework`) VALUES
(1, 'Laravel, Zend, Symfony'),
(2, 'Codeigniter, CakePHP, Laravel, YII, Zend, Symfony, Phalcon, Slim');

-- --------------------------------------------------------

--
-- Estructura de tabla para la tabla `citas`
--

DROP TABLE IF EXISTS `citas`;
CREATE TABLE IF NOT EXISTS `citas` (
  `id` int(11) NOT NULL AUTO_INCREMENT,
  `id_cliente` int(11) NOT NULL,
  `id_servicio` varchar(11) COLLATE utf8_spanish_ci NOT NULL,
  `envio` varchar(500) COLLATE utf8_spanish_ci DEFAULT NULL,
  `metodo` varchar(255) COLLATE utf8_spanish_ci DEFAULT NULL,
  `email` varchar(255) COLLATE utf8_spanish_ci DEFAULT NULL,
  `direccion` varchar(255) COLLATE utf8_spanish_ci DEFAULT NULL,
  `pais` varchar(255) COLLATE utf8_spanish_ci DEFAULT NULL,
  `fecha` timestamp NULL DEFAULT CURRENT_TIMESTAMP ON UPDATE CURRENT_TIMESTAMP,
  PRIMARY KEY (`id`)
) ENGINE=InnoDB AUTO_INCREMENT=9 DEFAULT CHARSET=utf8 COLLATE=utf8_spanish_ci;

--
-- Volcado de datos para la tabla `citas`
--

INSERT INTO `citas` (`id`, `id_cliente`, `id_servicio`, `envio`, `metodo`, `email`, `direccion`, `pais`, `fecha`) VALUES
(1, 1, '1', NULL, 'paypal', 'shifraspa132-buyer@gmail.com', 'Calle Juarez 1, Miguel Hidalgo, Ciudad de Mexico, 11580', 'MX', '2019-06-10 21:48:48'),
(2, 1, '1', NULL, 'paypal', 'shifraspa132-buyer@gmail.com', 'Calle Juarez 1, Miguel Hidalgo, Ciudad de Mexico, 11580', 'MX', '2019-09-12 16:44:03'),
(3, 1, '1', NULL, 'paypal', 'shifraspa132-buyer@gmail.com', 'Calle Juarez 1, Miguel Hidalgo, Ciudad de Mexico, 11580', 'MX', '2019-09-12 23:36:22'),
(4, 1, '1', NULL, 'paypal', 'shifraspa132-buyer@gmail.com', 'Calle Juarez 1, Miguel Hidalgo, Ciudad de Mexico, 11580', 'MX', '2019-09-13 22:50:13'),
(5, 1, '1', NULL, 'paypal', 'shifraspa132-buyer@gmail.com', 'Calle Juarez 1, Miguel Hidalgo, Ciudad de Mexico, 11580', 'MX', '2019-09-13 22:53:37'),
(6, 1, '1', NULL, 'paypal', 'shifraspa132-buyer@gmail.com', 'Calle Juarez 1, Miguel Hidalgo, Ciudad de Mexico, 11580', 'MX', '2019-09-13 22:57:58'),
(7, 1, '1', NULL, 'paypal', 'shifraspa132-buyer@gmail.com', 'Calle Juarez 1, Miguel Hidalgo, Ciudad de Mexico, 11580', 'MX', '2019-09-17 20:59:32'),
(8, 1, '1', NULL, 'paypal', 'shifraspa132-buyer@gmail.com', 'Calle Juarez 1, Miguel Hidalgo, Ciudad de Mexico, 11580', 'MX', '2019-09-17 22:03:00');

-- --------------------------------------------------------

--
-- Estructura de tabla para la tabla `clientes`
--

DROP TABLE IF EXISTS `clientes`;
CREATE TABLE IF NOT EXISTS `clientes` (
  `id` int(11) NOT NULL AUTO_INCREMENT,
  `nombre` varchar(255) CHARACTER SET utf8 COLLATE utf8_spanish2_ci NOT NULL,
  `archivo` varchar(255) CHARACTER SET utf8 COLLATE utf8_spanish2_ci NOT NULL,
  `telefono` varchar(15) NOT NULL,
  `c_electronico` varchar(255) CHARACTER SET utf8 COLLATE utf8_spanish2_ci NOT NULL,
  `contrasena` varchar(255) CHARACTER SET utf8 COLLATE utf8_spanish2_ci NOT NULL,
  `modo` varchar(50) NOT NULL,
  `fecha` date DEFAULT NULL,
  `status` tinyint(1) NOT NULL,
  PRIMARY KEY (`id`)
) ENGINE=InnoDB AUTO_INCREMENT=35 DEFAULT CHARSET=latin1;

--
-- Volcado de datos para la tabla `clientes`
--

INSERT INTO `clientes` (`id`, `nombre`, `archivo`, `telefono`, `c_electronico`, `contrasena`, `modo`, `fecha`, `status`) VALUES
(2, 'juan', './views/clientes/archivos/default.png', '9876543210', 'juan@gmail.com', '321', 'directo', NULL, 1),
(3, 'alvaro', './views/clientes/archivos/default.png', '9879', 'alvaro_villarreal@creactivmedia.com.mx', '3216', 'directo', NULL, 1),
(8, 'Nancy', './views/clientes/archivos/default.png', '5513441711', 'abo2nancy@yahoo.com.mx', 'Gonzalez0946', 'directo', NULL, 1),
(9, 'Jose gabriel', './views/clientes/archivos/default.png', '3331567717', 'gabope1969@gmail.com', 'Caldeos320', 'directo', NULL, 1),
(10, 'MIGUEL', './views/clientes/archivos/default.png', '3338082929', 'miguel_vicente2@yahoo.com.mx', '257411', 'directo', NULL, 1),
(11, 'maria fernanda ', './views/clientes/archivos/default.png', '3310798520', 'mafer_ponce@hotmail.com', 'Perry12345', 'directo', NULL, 1),
(12, 'Test', './views/clientes/archivos/default.png', '3232323232', 'martin@boutiquedigital.mx', 'test123', 'directo', NULL, 1),
(13, 'Daniela ', './views/clientes/archivos/default.png', '3316904584', 'madanisi@outlook.com', 'Mar&9274', 'directo', NULL, 1),
(14, 'Any', './views/clientes/archivos/default.png', '3310617644', 'anaandmina@gmail.com', 'sirena890316any', 'directo', NULL, 1),
(15, 'Ricardo ', './views/clientes/archivos/default.png', '3323423127', 'ricardoaw25@gmail.com', 'Gap74901', 'directo', NULL, 1),
(16, 'Jose ', './views/clientes/archivos/default.png', '3314666378', 'pepecarreras@hotmail.com', 'jocabe78', 'directo', NULL, 1),
(17, 'Ricardo', './views/clientes/archivos/default.png', '3311822305', 'ricardoseimandi@hotmail.com', 'lambor393010', 'directo', NULL, 1),
(18, 'Martha', './views/clientes/archivos/default.png', '3221721806', 'martha.velarde@hotmail.com', '101022', 'directo', NULL, 1),
(19, 'Eduardo', './views/clientes/archivos/default.png', '3311966568', 'lalo_110392@live.com.mx', '112358132134', 'directo', NULL, 1),
(20, 'Virginia ', './views/clientes/archivos/default.png', '3316035699', 'mirnan1320@hotmail.com', 'sheyla1221', 'directo', NULL, 1),
(21, 'arturo', './views/clientes/archivos/default.png', '36361212', 'arturo_ruiz@creactivmedia.com.mx', '321', 'directo', NULL, 1),
(22, 'Ruben', './views/clientes/archivos/default.png', '6671992705', 'rubengarcia831@hotmail.com', 'pedrito1994', 'directo', NULL, 1),
(23, 'Daniela', './views/clientes/archivos/default.png', '3335889000', 'dany_pepper@icloud.com', 'Pimienta21', 'directo', NULL, 1),
(24, 'element aire', 'views/clientes/archivos/default.png', '3519138681', 'emanuel_creactivmedia@hotmail.com', 'emanuel', 'directo', '2022-01-19', 1),
(26, 'Josue', 'views/clientes/archivos/default.png', '321321', 'josue23@dominio.com', '987', 'directo', '2022-01-19', 1),
(27, 'emanuel', 'views/clientes/archivos/default.png', '3519138681', 'earias37@yahoo.com.mx', '123', 'directo', '2022-01-19', 1),
(29, 'Emanuel Arias', 'http://graph.facebook.com/1992215704197108/picture?type=large', '3519138681', 'earias-r-37@hotmail.com', '', 'facebook', '2018-02-19', 1),
(31, 'johny lucas ', 'http://graph.facebook.com/10150059497893627/picture?type=large', '', 'zfmabfdexz_1541428741@tfbnw.net', '', 'facebook', '2013-03-19', 1),
(32, 'Nicole', 'views/clientes/archivos/default.png', '3324971856', 'nicolelopez_09@yahoo.com', 'Lumiere12', 'directo', '2018-04-19', 1),
(33, 'Aline M Prekop', 'http://graph.facebook.com/10161615840155394/picture?type=large', '', 'amprekopj@gmail.com', '', 'facebook', '2018-04-19', 1),
(34, 'Luis Estrada', 'views/clientes/archivos/men.jpg', '3324975944', 'estrada@gmail.com', '123', 'directo', NULL, 1);

-- --------------------------------------------------------

--
-- Estructura de tabla para la tabla `comentarios`
--

DROP TABLE IF EXISTS `comentarios`;
CREATE TABLE IF NOT EXISTS `comentarios` (
  `id` int(11) NOT NULL AUTO_INCREMENT,
  `id_usuario` int(11) NOT NULL,
  `id_producto` int(11) NOT NULL,
  `calificacion` float NOT NULL,
  `comentario` text COLLATE utf8_spanish_ci NOT NULL,
  `fecha` timestamp NOT NULL DEFAULT CURRENT_TIMESTAMP ON UPDATE CURRENT_TIMESTAMP,
  PRIMARY KEY (`id`)
) ENGINE=InnoDB AUTO_INCREMENT=2 DEFAULT CHARSET=utf8 COLLATE=utf8_spanish_ci;

--
-- Volcado de datos para la tabla `comentarios`
--

INSERT INTO `comentarios` (`id`, `id_usuario`, `id_producto`, `calificacion`, `comentario`, `fecha`) VALUES
(1, 2, 500, 0, '', '2018-06-14 16:50:09');

-- --------------------------------------------------------

--
-- Estructura de tabla para la tabla `comercio`
--

DROP TABLE IF EXISTS `comercio`;
CREATE TABLE IF NOT EXISTS `comercio` (
  `id` int(11) NOT NULL,
  `impuesto` double NOT NULL,
  `pais` varchar(20) NOT NULL,
  `modoPayPal` varchar(255) NOT NULL,
  `clienteIdPaypal` text NOT NULL,
  `llaveSecretaPaypal` text NOT NULL,
  PRIMARY KEY (`id`)
) ENGINE=MyISAM DEFAULT CHARSET=latin1;

--
-- Volcado de datos para la tabla `comercio`
--

INSERT INTO `comercio` (`id`, `impuesto`, `pais`, `modoPayPal`, `clienteIdPaypal`, `llaveSecretaPaypal`) VALUES
(1, 4, 'MXN', 'sandbox', 'ASelqumcV76UfvEThnpeNkyUqXREViF2QqvRfJ67IgVNr98TI6nzlCaW9HadxTJ4bNO4FvKgz8ptkdTF', 'EHRrGT3G_NufYOFxveqN5W6DXe2FJQteXPhu5p4z7OI88x1Ie_4K_q_ffHV7DY92-oQqrLpAMjV9kLQW');

-- --------------------------------------------------------

--
-- Estructura de tabla para la tabla `control_citas`
--

DROP TABLE IF EXISTS `control_citas`;
CREATE TABLE IF NOT EXISTS `control_citas` (
  `id` int(11) UNSIGNED NOT NULL AUTO_INCREMENT,
  `servicio_id` int(11) NOT NULL,
  `nombre_servicio` varchar(255) CHARACTER SET utf8 COLLATE utf8_spanish_ci NOT NULL,
  `precio` varchar(255) CHARACTER SET utf8 COLLATE utf8_spanish_ci NOT NULL,
  `duracion` varchar(255) CHARACTER SET utf8 COLLATE utf8_spanish_ci NOT NULL,
  `fecha` varchar(255) CHARACTER SET utf8 COLLATE utf8_spanish_ci NOT NULL,
  `hora_inicio` varchar(255) CHARACTER SET utf8 COLLATE utf8_spanish_ci NOT NULL,
  `hora_fin` varchar(255) CHARACTER SET utf8 COLLATE utf8_spanish_ci NOT NULL,
  `cliente_id` int(11) NOT NULL,
  `nombre_usuario` varchar(255) CHARACTER SET utf8 COLLATE utf8_spanish_ci NOT NULL,
  `email` varchar(255) CHARACTER SET utf8 COLLATE utf8_spanish_ci NOT NULL,
  `telefono` varchar(255) CHARACTER SET utf8 COLLATE utf8_spanish_ci NOT NULL,
  `opcion_pago` varchar(55) CHARACTER SET utf8 COLLATE utf8_spanish_ci NOT NULL,
  `total` double NOT NULL,
  `fecha_operacion` timestamp NULL DEFAULT NULL,
  `title` varchar(150) DEFAULT NULL,
  `start` varchar(255) CHARACTER SET utf8 COLLATE utf8_spanish_ci NOT NULL,
  `end` varchar(255) CHARACTER SET utf8 COLLATE utf8_spanish_ci NOT NULL,
  `url` varchar(255) CHARACTER SET utf8 COLLATE utf8_spanish_ci NOT NULL,
  `empleados_id` int(11) NOT NULL,
  `nombre_empleado` varchar(100) CHARACTER SET utf8 COLLATE utf8_spanish_ci NOT NULL,
  `nombre_cabina` varchar(20) NOT NULL,
  `rfc` varchar(100) DEFAULT NULL,
  `razon_social` varchar(200) DEFAULT NULL,
  `cfdi` varchar(500) DEFAULT NULL,
  `status` int(11) NOT NULL,
  PRIMARY KEY (`id`),
  KEY `servicios_id` (`servicio_id`),
  KEY `clinte_id_cita` (`cliente_id`) USING BTREE
) ENGINE=InnoDB AUTO_INCREMENT=29 DEFAULT CHARSET=utf8;

--
-- Volcado de datos para la tabla `control_citas`
--

INSERT INTO `control_citas` (`id`, `servicio_id`, `nombre_servicio`, `precio`, `duracion`, `fecha`, `hora_inicio`, `hora_fin`, `cliente_id`, `nombre_usuario`, `email`, `telefono`, `opcion_pago`, `total`, `fecha_operacion`, `title`, `start`, `end`, `url`, `empleados_id`, `nombre_empleado`, `nombre_cabina`, `rfc`, `razon_social`, `cfdi`, `status`) VALUES
(1, 1, 'Ritual imperial', '7900.00', '180', '19/06/2019', '19/06/2019 09:30', '19/06/2019 12:30', 27, 'emanuel', 'earias37@yahoo.com.mx', '3519138681', 'paypal', 7900, '2019-06-19 20:35:37', 'Ritual imperial', '1560936600000', '1560947400000', 'http://localhost/shifra/sistema/calendario/descripcion_evento.php?id=1', 1, 'pendiente', 'cabina 1', NULL, NULL, NULL, 1),
(2, 1, 'Ritual imperial', '70.00', '180', '13/09/2019', '13/09/2019 09:30', '13/09/2019 12:30', 27, 'emanuel', 'earias37@yahoo.com.mx', '3519138681', '', 70, '2019-09-12 17:25:54', 'Ritual imperial', '1568367000000', '1568377800000', 'http://localhost/shifra/sistema/calendario/descripcion_evento.php?id=2', 1, '', 'cabina 1', NULL, NULL, NULL, 1),
(3, 1, 'Ritual imperial', '70.00', '180', '13/09/2019', '13/09/2019 09:30', '13/09/2019 12:30', 27, 'emanuel', 'earias37@yahoo.com.mx', '3519138681', 'paypal', 70, '2019-09-12 17:53:26', 'Ritual imperial', '1568367000000', '1568377800000', 'http://localhost/shifra/sistema/calendario/descripcion_evento.php?id=3', 1, '', 'cabina 1', NULL, NULL, NULL, 1),
(4, 1, 'Ritual imperial', '70.00', '180', '13/09/2019', '13/09/2019 10:30', '13/09/2019 13:30', 27, 'emanuel', 'earias37@yahoo.com.mx', '3519138681', 'paypal', 70, '2019-09-12 21:53:36', 'Ritual imperial', '1568370600000', '1568381400000', 'http://localhost/shifra/sistema/calendario/descripcion_evento.php?id=4', 1, '', 'cabina 1', NULL, NULL, NULL, 1),
(5, 1, 'Ritual imperial', '70.00', '180', '13/09/2019', '13/09/2019 09:30', '13/09/2019 12:30', 27, 'emanuel', 'earias37@yahoo.com.mx', '3519138681', 'paypal', 70, '2019-09-12 22:28:13', 'Ritual imperial', '1568367000000', '1568377800000', 'http://localhost/shifra/sistema/calendario/descripcion_evento.php?id=5', 1, 'empleado 1', 'cabina 1', NULL, NULL, NULL, 1),
(6, 1, 'Ritual imperial', '70.00', '180', '13/09/2019', '13/09/2019 09:30', '13/09/2019 12:30', 27, 'emanuel', 'earias37@yahoo.com.mx', '3519138681', 'paypal', 70, '2019-09-12 22:33:44', 'Ritual imperial', '1568367000000', '1568377800000', 'http://localhost/shifra/sistema/calendario/descripcion_evento.php?id=6', 1, 'empleado 1', 'cabina 1', NULL, NULL, NULL, 1),
(7, 1, 'Ritual imperial', '70.00', '180', '14/09/2019', '14/09/2019 10:00', '14/09/2019 13:00', 27, 'emanuel', 'earias37@yahoo.com.mx', '3519138681', 'tarjeta', 70, '2019-09-13 19:51:38', 'Ritual imperial', '1568455200000', '1568466000000', 'http://localhost/shifra/sistema/calendario/descripcion_evento.php?id=7', 1, 'empleado 1', 'cabina 1', NULL, NULL, NULL, 1),
(8, 1, 'Ritual imperial', '70.00', '180', '18/09/2019', '18/09/2019 12:30', '18/09/2019 15:30', 27, 'emanuel', 'earias37@yahoo.com.mx', '3519138681', 'tarjeta', 70, '2019-09-17 17:26:18', 'Ritual imperial', '1568809800000', '1568820600000', 'http://localhost/shifra/sistema/calendario/descripcion_evento.php?id=8', 1, 'empleado 1', 'cabina 1', NULL, NULL, NULL, 1),
(9, 1, 'Ritual imperial', '70.00', '180', '18/09/2019', '18/09/2019 10:30', '18/09/2019 13:30', 27, 'emanuel', 'earias37@yahoo.com.mx', '3519138681', 'tarjeta', 70, '2019-09-17 17:44:28', 'Ritual imperial', '1568802600000', '1568813400000', 'http://localhost/shifra/sistema/calendario/descripcion_evento.php?id=9', 1, 'empleado 1', 'cabina 1', NULL, NULL, NULL, 1),
(10, 1, 'Ritual imperial', '70.00', '180', '18/09/2019', '18/09/2019 10:30', '18/09/2019 13:30', 27, 'emanuel', 'earias37@yahoo.com.mx', '3519138681', 'tarjeta', 70, '2019-09-17 18:15:24', 'Ritual imperial', '1568802600000', '1568813400000', 'http://localhost/shifra/sistema/calendario/descripcion_evento.php?id=10', 1, 'empleado 1', 'cabina 1', NULL, NULL, NULL, 1),
(11, 1, 'Ritual imperial', '70.00', '180', '18/09/2019', '18/09/2019 09:30', '18/09/2019 12:30', 27, 'emanuel', 'earias37@yahoo.com.mx', '3519138681', 'tarjeta', 70, '2019-09-17 18:19:38', 'Ritual imperial', '1568799000000', '1568809800000', 'http://localhost/shifra/sistema/calendario/descripcion_evento.php?id=11', 1, 'empleado 1', 'cabina 1', NULL, NULL, NULL, 1),
(12, 1, 'Ritual imperial', '70.00', '180', '18/09/2019', '18/09/2019 10:30', '18/09/2019 13:30', 27, 'emanuel', 'earias37@yahoo.com.mx', '3519138681', 'tarjeta', 70, '2019-09-17 18:29:24', 'Ritual imperial', '1568802600000', '1568813400000', 'http://localhost/shifra/sistema/calendario/descripcion_evento.php?id=12', 1, 'empleado 1', 'cabina 1', NULL, NULL, NULL, 1),
(13, 1, 'Ritual imperial', '70.00', '180', '18/09/2019', '18/09/2019 10:30', '18/09/2019 13:30', 27, 'emanuel', 'earias37@yahoo.com.mx', '3519138681', 'tarjeta', 70, '2019-09-17 18:32:47', 'Ritual imperial', '1568802600000', '1568813400000', 'http://localhost/shifra/sistema/calendario/descripcion_evento.php?id=13', 1, 'empleado 1', 'cabina 1', NULL, NULL, NULL, 1),
(14, 1, 'Ritual imperial', '70.00', '180', '18/09/2019', '18/09/2019 10:00', '18/09/2019 13:00', 27, 'emanuel', 'earias37@yahoo.com.mx', '3519138681', 'tarjeta', 70, '2019-09-17 19:18:55', 'Ritual imperial', '1568800800000', '1568811600000', 'http://localhost/shifra/sistema/calendario/descripcion_evento.php?id=14', 1, 'empleado 1', 'cabina 1', NULL, NULL, NULL, 1),
(15, 1, 'Ritual imperial', '70.00', '180', '18/09/2019', '18/09/2019 10:30', '18/09/2019 13:30', 27, 'emanuel', 'earias37@yahoo.com.mx', '3519138681', 'tarjeta', 70, '2019-09-17 19:21:27', 'Ritual imperial', '1568802600000', '1568813400000', 'http://localhost/shifra/sistema/calendario/descripcion_evento.php?id=15', 1, 'empleado 1', 'cabina 1', NULL, NULL, NULL, 1),
(16, 1, 'Ritual imperial', '70.00', '180', '18/09/2019', '18/09/2019 10:00', '18/09/2019 13:00', 27, 'emanuel', 'earias37@yahoo.com.mx', '3519138681', 'tarjeta', 70, '2019-09-17 19:30:02', 'Ritual imperial', '1568800800000', '1568811600000', 'http://localhost/shifra/sistema/calendario/descripcion_evento.php?id=16', 1, 'empleado 1', 'cabina 1', NULL, NULL, NULL, 1),
(17, 1, 'Ritual imperial', '70.00', '180', '18/09/2019', '18/09/2019 10:30', '18/09/2019 13:30', 27, 'emanuel', 'earias37@yahoo.com.mx', '3519138681', 'tarjeta', 70, '2019-09-17 19:40:57', 'Ritual imperial', '1568802600000', '1568813400000', 'http://localhost/shifra/sistema/calendario/descripcion_evento.php?id=17', 1, 'empleado 1', 'cabina 1', NULL, NULL, NULL, 1),
(18, 1, 'Ritual imperial', '70.00', '180', '18/09/2019', '18/09/2019 10:30', '18/09/2019 13:30', 27, 'emanuel', 'earias37@yahoo.com.mx', '3519138681', 'tarjeta', 70, '2019-09-17 19:43:08', 'Ritual imperial', '1568802600000', '1568813400000', 'http://localhost/shifra/sistema/calendario/descripcion_evento.php?id=18', 1, 'empleado 1', 'cabina 1', NULL, NULL, NULL, 1),
(19, 1, 'Ritual imperial', '70.00', '180', '18/09/2019', '18/09/2019 10:00', '18/09/2019 13:00', 27, 'emanuel', 'earias37@yahoo.com.mx', '3519138681', 'paypal', 70, '2019-09-17 19:58:55', 'Ritual imperial', '1568800800000', '1568811600000', 'http://localhost/shifra/sistema/calendario/descripcion_evento.php?id=19', 1, 'empleado 1', 'cabina 1', NULL, NULL, NULL, 1),
(20, 1, 'Ritual imperial', '70.00', '180', '18/09/2019', '18/09/2019 10:30', '18/09/2019 13:30', 27, 'emanuel', 'earias37@yahoo.com.mx', '3519138681', 'paypal', 70, '2019-09-17 21:02:29', 'Ritual imperial', '1568802600000', '1568813400000', 'http://localhost/shifra/sistema/calendario/descripcion_evento.php?id=20', 1, 'empleado 1', 'cabina 1', NULL, NULL, NULL, 1),
(21, 1, 'Ritual imperial', '70.00', '180', '18/09/2019', '18/09/2019 10:00', '18/09/2019 13:00', 27, 'emanuel', 'earias37@yahoo.com.mx', '3519138681', 'paypal', 70, '2019-09-17 21:53:11', 'Ritual imperial', '1568800800000', '1568811600000', 'http://localhost/shifra/sistema/calendario/descripcion_evento.php?id=21', 1, 'empleado 1', 'cabina 1', '', '', '', 1),
(22, 1, 'Ritual imperial', '70.00', '180', '18/09/2019', '18/09/2019 15:00', '18/09/2019 18:00', 27, 'emanuel', 'earias37@yahoo.com.mx', '3519138681', 'tarjeta', 70, '2019-09-17 21:55:11', 'Ritual imperial', '1568818800000', '1568829600000', 'http://localhost/shifra/sistema/calendario/descripcion_evento.php?id=22', 1, 'empleado 1', 'cabina 1', '', '', '', 1),
(23, 1, 'Ritual imperial', '70.00', '180', '20/09/2019', '20/09/2019 15:30', '20/09/2019 18:30', 27, 'emanuel', 'earias37@yahoo.com.mx', '3519138681', 'paypal', 70, '2019-09-17 22:01:43', 'Ritual imperial', '1568993400000', '1569004200000', 'http://localhost/shifra/sistema/calendario/descripcion_evento.php?id=23', 1, 'empleado 1', 'cabina 1', '', '', '', 1),
(24, 1, 'Ritual imperial', '70.00', '180', '18/09/2019', '18/09/2019 10:30', '18/09/2019 13:30', 27, 'emanuel', 'earias37@yahoo.com.mx', '3519138681', 'tarjeta', 70, '2019-09-17 22:03:24', 'Ritual imperial', '1568802600000', '1568813400000', 'http://localhost/shifra/sistema/calendario/descripcion_evento.php?id=24', 1, 'empleado 1', 'cabina 1', '', '', '', 1),
(25, 62, 'Planchado', '350.00', '60', '21/09/2019', '21/09/2019 10:30', '21/09/2019 11:30', 27, 'emanuel', 'earias37@yahoo.com.mx', '3519138681', 'tarjeta', 350, '2019-09-17 22:08:52', 'Planchado', '1569061800000', '1569065400000', 'http://localhost/shifra/sistema/calendario/descripcion_evento.php?id=25', 1, 'empleado 1', 'cabina 1', '', '', '', 1),
(26, 1, 'Ritual imperial', '70.00', '180', '18/09/2019', '18/09/2019 09:30', '18/09/2019 12:30', 27, 'emanuel', 'earias37@yahoo.com.mx', '3519138681', 'tarjeta', 70, '2019-09-17 22:18:55', 'Ritual imperial', '1568799000000', '1568809800000', 'http://localhost/shifra/sistema/calendario/descripcion_evento.php?id=26', 1, 'empleado 1', 'cabina 1', '[object HTMLInputElement]', '[object HTMLInputElement]', '[object HTMLSelectElement]', 1),
(27, 1, 'Ritual imperial', '70.00', '180', '18/09/2019', '18/09/2019 11:30', '18/09/2019 14:30', 27, 'emanuel', 'earias37@yahoo.com.mx', '3519138681', 'tarjeta', 70, '2019-09-17 22:24:18', 'Ritual imperial', '1568806200000', '1568817000000', 'http://localhost/shifra/sistema/calendario/descripcion_evento.php?id=27', 1, 'empleado 1', 'cabina 1', '24564LKJKL', '87468ÑKJKLJ', 'D01', 1),
(28, 1, 'Ritual imperial', '70.00', '180', '18/09/2019', '18/09/2019 09:00', '18/09/2019 12:00', 27, 'emanuel', 'earias37@yahoo.com.mx', '3519138681', 'tarjeta', 70, '2019-09-17 22:27:33', 'Ritual imperial', '1568797200000', '1568808000000', 'http://localhost/shifra/sistema/calendario/descripcion_evento.php?id=28', 1, 'empleado 1', 'cabina 1', 'DSFAS5456S4F', 'ASDA564654', 'G03', 1);

-- --------------------------------------------------------

--
-- Estructura de tabla para la tabla `elemento_lista`
--

DROP TABLE IF EXISTS `elemento_lista`;
CREATE TABLE IF NOT EXISTS `elemento_lista` (
  `id` int(11) NOT NULL AUTO_INCREMENT,
  `nombre` varchar(200) DEFAULT NULL,
  `descripcion` varchar(200) DEFAULT NULL,
  `status` varchar(200) DEFAULT NULL,
  `seccion_menu_id` int(11) NOT NULL,
  PRIMARY KEY (`id`),
  KEY `SECCION_ELEMENTO` (`seccion_menu_id`) USING BTREE
) ENGINE=InnoDB AUTO_INCREMENT=88 DEFAULT CHARSET=utf8 ROW_FORMAT=DYNAMIC;

--
-- Volcado de datos para la tabla `elemento_lista`
--

INSERT INTO `elemento_lista` (`id`, `nombre`, `descripcion`, `status`, `seccion_menu_id`) VALUES
(1, 'seccion_menu_nombre', NULL, '1', 2),
(2, 'accion_nombre', NULL, '1', 3),
(3, 'seccion_menu_nombre', '', '1', 3),
(4, 'elemento_lista_nombre', NULL, '1', 44),
(5, 'menu_nombre', NULL, '1', 4),
(6, 'grupo_nombre', NULL, '1', 1),
(32, 'usuario_user', '', '1', 5),
(33, 'usuario_email', '', '1', 5),
(34, 'grupo_servicios_nombre', NULL, '1', 66),
(35, 'grupo_servicios_archivo', NULL, '1', 66),
(36, 'servicios_nombre', NULL, '1', 69),
(37, 'servicios_archivo', 'imagen de los servicios individuales', '1', 69),
(38, 'promociones_nombre', 'muestra el nombre del paquete en promocion', '1', 71),
(39, 'promociones_archivo', 'muestra la foto del paquete de la promocion', '1', 71),
(40, 'promociones_descuento', 'muestra el descuento del paquete promocion', '1', 71),
(41, 'empleados_nombre', 'mostrar nombre del empleado', '1', 73),
(42, 'empleados_archivo', 'mostrar foto del empleado', '1', 73),
(43, 'empleados_descripcion', 'mostrar descripción profesional del empleado', '1', 73),
(44, 'servicios_empleados_servicios_id', '', '1', 72),
(45, 'clientes_nombre', 'muestra el nombre del cliente', '1', 74),
(46, 'clientes_archivo', 'muestra la foto del cliente', '1', 74),
(47, 'usuario_archivo', 'muestra la foto del usuario', '1', 5),
(48, 'usuario_descripcion', 'muestra la descripción del usuario ', '1', 5),
(49, 'subgrupo_servicios_nombre', '', '1', 75),
(50, 'servicios_duracion', NULL, '1', 69),
(51, 'servicios_precio', NULL, '1', 69),
(52, 'subgrupo_servicios_descripcion', NULL, '1', 75),
(53, 'imagen_servicio_archivo', 'Mostrar elemento en la lista de imagenes de cada servicio', '1', 76),
(54, 'tipo_grupal_promociones_id', '', '1', 80),
(55, 'tipo_grupal_grupo_servicios_id', '', '1', 80),
(56, 'imagen_servicio_servicios_id', '', '1', 76),
(57, 'tipo_individual_promociones_id', '', '1', 79),
(58, 'tipo_individual_servicios_id', NULL, '1', 79),
(59, 'slider_inicio_archivo', NULL, '1', 81),
(60, 'slider_inicio_boton', NULL, '1', 81),
(61, 'nosotros_descripcion', '', '1', 82),
(62, 'slider_nosotros_nombre', NULL, '1', 83),
(63, 'instalaciones_nombre', '', '1', 84),
(64, 'instalaciones_archivo', '', '1', 84),
(66, 'video_inicio_archivo', NULL, '1', 85),
(68, 'imagen_servicio_nombre', NULL, '1', 76),
(69, 'tipo_individual_descripcion', NULL, '1', 79),
(70, 'tipo_grupal_descripcion', NULL, '1', 80),
(71, 'control_citas_nombre_servicio', '', '1', 77),
(72, 'control_citas_nombre_usuario', NULL, '1', 77),
(73, 'control_citas_fecha', NULL, '1', 77),
(74, 'control_citas_hora_inicio', NULL, '1', 77),
(75, 'cabina_nombre', NULL, '1', 86),
(76, 'cabina_archivo', NULL, '1', 86),
(77, 'empleados_rol_empleados_id', NULL, '1', 87),
(78, 'empleados_rol_entrada', NULL, '1', 87),
(79, 'empleados_rol_salida', NULL, '1', 87),
(80, 'empleados_rol_descanso', NULL, '1', 87),
(81, 'empleados_rol_duracion', NULL, '1', 87),
(82, 'servicios_empleados_empleados_id', NULL, '1', 72),
(83, 'servicios_cabinas_servicios_id', NULL, '1', 88),
(84, 'servicios_cabinas_cabina_id', NULL, '1', 88),
(85, 'prepagos_nombre', '', '1', 90),
(86, 'prepagos_servicios_nombre', NULL, '1', 91),
(87, 'prepagos_cantidad_nombre', '', '1', 92);

-- --------------------------------------------------------

--
-- Estructura de tabla para la tabla `empleados`
--

DROP TABLE IF EXISTS `empleados`;
CREATE TABLE IF NOT EXISTS `empleados` (
  `id` int(11) NOT NULL AUTO_INCREMENT,
  `nombre` varchar(255) CHARACTER SET utf8 COLLATE utf8_spanish2_ci NOT NULL,
  `apellidos` varchar(255) CHARACTER SET utf8 COLLATE utf8_spanish2_ci NOT NULL,
  `descripcion` text CHARACTER SET utf8 COLLATE utf8_spanish2_ci NOT NULL,
  `archivo` varchar(255) CHARACTER SET utf8 COLLATE utf8_spanish2_ci NOT NULL,
  `status` tinyint(1) NOT NULL,
  PRIMARY KEY (`id`)
) ENGINE=InnoDB AUTO_INCREMENT=29 DEFAULT CHARSET=latin1;

--
-- Volcado de datos para la tabla `empleados`
--

INSERT INTO `empleados` (`id`, `nombre`, `apellidos`, `descripcion`, `archivo`, `status`) VALUES
(1, 'MAGALYS', 'L', 'TERAPEUTA\r\n', './views/empleados/archivos/default.jpg', 1),
(2, 'TETE', 'D', 'TERAPEUTA Y COSMETOLOGA', './views/empleados/archivos/default.jpg', 1),
(3, 'ALESIA MATUTINO', 'S', 'TERAPEUTA Y COSMETOLOGA', './views/empleados/archivos/default.jpg', 1),
(4, 'NEFRIS', 'A', 'TERAPEUTA', './views/empleados/archivos/default.jpg', 1),
(5, 'BLANCA', 'A', 'TERAPEUTA', './views/empleados/archivos/default.jpg', 1),
(6, 'MARICELA', 'A', 'TERAPEUTA', './views/empleados/archivos/default.jpg', 1),
(7, 'CLAUDIA', 'A', 'TERAPEUTA Y  COSMETOLOGA', './views/empleados/archivos/default.jpg', 1),
(8, 'SARA', 'A', 'FISIOTERAPEUTA Y TERAPEUTA SPA', './views/empleados/archivos/default.jpg', 1),
(9, 'IVETTE', 'A', 'TERAPEUTA Y  COSMETOLOGA', './views/empleados/archivos/default.jpg', 1),
(10, 'MARLENE', 'A', 'TERAPEUTA Y  COSMETOLOGA', './views/empleados/archivos/default.jpg', 1),
(11, 'MYRIAM', 'A', 'TERAPEUTA Y  COSMETOLOGA', './views/empleados/archivos/default.jpg', 1),
(12, 'YUVIA', 'A', 'TERAPEUTA', './views/empleados/archivos/default.jpg', 1),
(13, 'ANDREA', 'A', 'TERAPEUTA Y  COSMETOLOGA', './views/empleados/archivos/default.jpg', 1),
(14, 'SHARON', 'A', 'TERAPEUTA Y  COSMETOLOGA', './views/empleados/archivos/default.jpg', 1),
(15, 'KASSANDRA', 'A', 'TERAPEUTA Y  COSMETOLOGA', './views/empleados/archivos/default.jpg', 1),
(16, 'MYRKA', 'A', 'TERAPEUTA Y  COSMETOLOGA', './views/empleados/archivos/default.jpg', 1),
(17, 'JESSICA ', 'A', 'TERAPEUTA Y  COSMETOLOGA', './views/empleados/archivos/default.jpg', 1),
(18, 'ROSALVA', 'A', 'TERAPEUTA  ', './views/empleados/archivos/default.jpg', 1),
(19, 'VALERIA', 'A', 'TERAPEUTA', './views/empleados/archivos/default.jpg', 1),
(20, 'ADRIANA', 'A', 'TERAPEUTA', './views/empleados/archivos/default.jpg', 1),
(21, 'ALESIA VESTERTINO', 'A', 'TERAPEUTA Y  COSMETOLOGA', './views/empleados/archivos/default.jpg', 1),
(22, 'ALESIA DOMINGO', 'A', 'TERAPEUTA Y  COSMETOLOGA', './views/empleados/archivos/default.jpg', 1),
(23, 'karina', 'a', 'Estilista & Barber Spa', './views/empleados/archivos/default.jpg', 1),
(24, 'Elizabeth', 'c', 'Estilista & Barber Spa', './views/empleados/archivos/default.jpg', 1),
(25, 'Rosita', 'a', 'estilista', './views/empleados/archivos/default.jpg', 1),
(26, 'Leslye', 'a', 'Estilista', './views/empleados/archivos/default.jpg', 1),
(27, 'Joselyn', 'a', 'Estilista', './views/empleados/archivos/default.jpg', 1),
(28, 'Letty', 'a', 'Estilista', './views/empleados/archivos/default.jpg', 1);

-- --------------------------------------------------------

--
-- Estructura de tabla para la tabla `empleados_rol`
--

DROP TABLE IF EXISTS `empleados_rol`;
CREATE TABLE IF NOT EXISTS `empleados_rol` (
  `id` int(11) NOT NULL AUTO_INCREMENT,
  `empleados_id` int(11) NOT NULL,
  `entrada` varchar(10) NOT NULL,
  `salida` varchar(10) NOT NULL,
  `descanso` varchar(10) NOT NULL,
  `duracion` int(11) NOT NULL,
  `lunes` tinyint(1) DEFAULT NULL,
  `martes` tinyint(1) DEFAULT NULL,
  `miercoles` tinyint(1) DEFAULT NULL,
  `jueves` tinyint(1) DEFAULT NULL,
  `viernes` tinyint(1) DEFAULT NULL,
  `sabado` tinyint(1) DEFAULT NULL,
  `domingo` tinyint(1) DEFAULT NULL,
  `status` tinyint(1) NOT NULL,
  PRIMARY KEY (`id`),
  UNIQUE KEY `rol_empleado_id` (`empleados_id`)
) ENGINE=InnoDB AUTO_INCREMENT=29 DEFAULT CHARSET=latin1;

--
-- Volcado de datos para la tabla `empleados_rol`
--

INSERT INTO `empleados_rol` (`id`, `empleados_id`, `entrada`, `salida`, `descanso`, `duracion`, `lunes`, `martes`, `miercoles`, `jueves`, `viernes`, `sabado`, `domingo`, `status`) VALUES
(1, 1, '09:00', '18:00', '14:00', 1, 1, 1, 1, 1, 1, 1, 1, 1),
(2, 2, '09:00', '18:00', '14:00', 1, 1, 1, 1, 1, 1, 1, 1, 1),
(3, 3, '09:00', '17:00', '00:00', 0, 1, 1, 1, 1, 1, 1, 1, 1),
(4, 4, '12:00', '21:00', '15:00', 1, 1, 0, 0, 0, 1, 1, 1, 1),
(5, 5, '09:00', '21:00', '15:00', 1, 0, 0, 0, 0, 0, 1, 0, 1),
(6, 6, '11:00', '20:00', '15:00', 1, 0, 0, 0, 0, 0, 1, 0, 1),
(7, 7, '12:00', '21:00', '15:00', 1, 0, 0, 0, 0, 0, 0, 1, 1),
(8, 8, '12:00', '21:00', '14:00', 1, 1, 1, 1, 1, 1, 1, 1, 1),
(9, 9, '12:00', '21:00', '15:00', 1, 0, 1, 1, 1, 1, 1, 1, 1),
(10, 10, '12:00', '21:00', '15:00', 1, 1, 1, 1, 1, 1, 1, 1, 1),
(11, 11, '09:00', '15:00', '00:00', 0, 1, 1, 1, 1, 1, 1, 1, 1),
(12, 12, '09:00', '18:00', '14:00', 1, 1, 1, 1, 1, 1, 1, 1, 1),
(13, 13, '09:00', '15:00', '00:00', 0, 1, 1, 1, 1, 1, 1, 0, 1),
(14, 14, '11:00', '18:00', '14:00', 1, 1, 1, 1, 1, 1, 1, 1, 1),
(15, 15, '12:00', '21:00', '15:00', 1, 1, 1, 1, 1, 1, 1, 1, 1),
(16, 21, '13:00', '21:00', '00:00', 0, 0, 0, 0, 1, 1, 1, 0, 1),
(17, 22, '11:00', '18:00', '00:00', 0, 0, 0, 0, 0, 0, 0, 1, 1),
(18, 16, '12:00', '21:00', '15:00', 1, 0, 1, 1, 1, 1, 1, 0, 1),
(19, 17, '11:00', '20:00', '15:00', 1, 1, 0, 1, 1, 1, 1, 0, 1),
(20, 18, '12:00', '21:00', '14:00', 1, 1, 1, 1, 0, 1, 1, 1, 1),
(21, 19, '11:00', '20:00', '15:00', 1, 0, 0, 0, 0, 0, 0, 1, 1),
(22, 20, '15:00', '21:00', '00:00', 0, 0, 1, 1, 1, 1, 1, 0, 1),
(23, 23, '10:00', '19:00', '15:00', 1, 1, 1, 1, 1, 1, 1, 0, 1),
(24, 24, '12:00', '21:00', '16:00', 1, 0, 1, 1, 1, 1, 1, 0, 1),
(25, 25, '09:00', '15:00', '00:00', 0, 1, 1, 1, 1, 1, 1, 1, 1),
(26, 26, '15:00', '21:00', '00:00', 0, 1, 0, 1, 0, 1, 1, 1, 1),
(27, 27, '12:00', '21:00', '15:00', 1, 0, 0, 0, 0, 1, 1, 1, 1),
(28, 28, '09:00', '20:00', '16:00', 1, 0, 1, 1, 1, 1, 1, 1, 1);

-- --------------------------------------------------------

--
-- Estructura de tabla para la tabla `grupo`
--

DROP TABLE IF EXISTS `grupo`;
CREATE TABLE IF NOT EXISTS `grupo` (
  `id` int(11) NOT NULL AUTO_INCREMENT,
  `nombre` varchar(200) NOT NULL,
  `descripcion` text,
  `status` tinyint(1) DEFAULT NULL,
  PRIMARY KEY (`id`),
  UNIQUE KEY `descripcion` (`nombre`) USING BTREE
) ENGINE=InnoDB AUTO_INCREMENT=5 DEFAULT CHARSET=utf8 ROW_FORMAT=DYNAMIC;

--
-- Volcado de datos para la tabla `grupo`
--

INSERT INTO `grupo` (`id`, `nombre`, `descripcion`, `status`) VALUES
(1, 'Desarrollador', 'cuenta con todos  los permisos', 1),
(2, 'Administrador', 'cuenta con algunos permisos', 1),
(3, 'Auxiliar', 'cuenta con pocos privilegios', 1),
(4, 'Visitor', 'solo puede ver el contenido', 1);

-- --------------------------------------------------------

--
-- Estructura de tabla para la tabla `grupo_servicios`
--

DROP TABLE IF EXISTS `grupo_servicios`;
CREATE TABLE IF NOT EXISTS `grupo_servicios` (
  `id` int(11) NOT NULL AUTO_INCREMENT,
  `nombre` varchar(255) CHARACTER SET utf8 COLLATE utf8_spanish_ci NOT NULL,
  `descripcion` text CHARACTER SET utf8 COLLATE utf8_spanish2_ci NOT NULL,
  `archivo` text CHARACTER SET utf8 COLLATE utf8_spanish2_ci NOT NULL,
  `status` tinyint(1) NOT NULL,
  PRIMARY KEY (`id`)
) ENGINE=InnoDB AUTO_INCREMENT=8 DEFAULT CHARSET=latin1;

--
-- Volcado de datos para la tabla `grupo_servicios`
--

INSERT INTO `grupo_servicios` (`id`, `nombre`, `descripcion`, `archivo`, `status`) VALUES
(1, 'rituales romanticos', 'SHIFRA SPA cuenta con respaldo de un equipo especializado. Los masajes son una experiencia relajante y terapéutica. Sus efectos no sólo son a nivel físico, la mente también responde al toque humano. Durante los masajes relajamos la mente y el cuerpo y nuestra energía aumenta. \r\n', './views/grupo_servicios/archivos/152899479260.jpg', 1),
(2, 'exfoliaciones', '¿Quieres una piel suave durante todo el año?  La exfoliación es un paso básico para conseguirlo. Es práctico para renovar la epidermis y conservarla en buen estado y resplandeciente. Sirve para eliminar las células muertas que se acumulan en la superficie de la piel impidiéndole respirar. Las células de nuestra piel se multiplican, mueren y se renuevan. La exfoliación acelera este fenómeno natural estimulando la regeneración celular y la microcirculación sanguínea de superficie. La piel retoma su suavidad y flexibilidad.', './views/grupo_servicios/archivos/152899480253.jpg', 1),
(3, 'tratamientos corporales', 'En Shifra Spa  ofrecemos tratamientos corporales con las más novedosas técnicas de masaje, producto de alta calidad y distintos tipos de aparatologia, todo ello encaminado al equilibrio tanto físico como emocional de nuestro ser.\r\n \r\n Estamos especializados en moldear la silueta consiguiendo un cuerpo armonioso a cada constitución.', './views/grupo_servicios/archivos/152899495922.jpg', 1),
(4, 'faciales con aparatología', 'El facial es una terapia estética que mejora el aspecto del rostro y ayuda en la renovación de los tejidos. \r\n\r\nLa ventaja de este tratamiento es que puede ser realizado a mujeres y hombres contando con un ambiente de relajación y limpieza.', './views/grupo_servicios/archivos/152899510054.jpg', 1),
(5, 'masajes', 'SHIFRA SPA cuenta con respaldo de un equipo especializado. Los masajes son una experiencia relajante y terapéutica. Sus efectos no sólo son a nivel físico, la mente también responde al toque humano. Durante los masajes relajamos la mente y el cuerpo y nuestra energía aumenta. ', './views/grupo_servicios/archivos/152899608733.jpg', 1),
(6, 'barbería', 'En SHIFRA SPA contamos con un espacio contemporáneo de peluquería masculina, donde entendemos las inquietudes del hombre para ofrecer una imagen y  estilo que mejor refleja su personalidad.', './views/grupo_servicios/archivos/152899620314.jpg', 1),
(7, 'estética', 'En SHIFRA SPA nos ocupamos de la belleza de tu cuerpo, tus manos y tus pies. \r\n\r\nNuestro personal experto te ayudará a elegir el servicio que más se adapte a tus exigencias. Llevamos a cabo cada servicio con los últimos equipos del mercado.\r\n\r\nTras un diagnóstico personalizado, combinamos distintas técnicas para obtener el mejor resultado.', './views/grupo_servicios/archivos/152908861389.jpg', 1);

-- --------------------------------------------------------

--
-- Estructura de tabla para la tabla `imagen_servicio`
--

DROP TABLE IF EXISTS `imagen_servicio`;
CREATE TABLE IF NOT EXISTS `imagen_servicio` (
  `id` int(11) NOT NULL AUTO_INCREMENT,
  `nombre` varchar(200) NOT NULL,
  `status` tinyint(1) NOT NULL,
  `servicios_id` int(11) NOT NULL,
  `archivo` text,
  PRIMARY KEY (`id`),
  KEY `servicios_id` (`servicios_id`)
) ENGINE=InnoDB AUTO_INCREMENT=6 DEFAULT CHARSET=latin1 ROW_FORMAT=DYNAMIC;

--
-- Volcado de datos para la tabla `imagen_servicio`
--

INSERT INTO `imagen_servicio` (`id`, `nombre`, `status`, `servicios_id`, `archivo`) VALUES
(1, 'cuello y espalda 2', 1, 40, './views/imagen_servicio/archivos/153944756074.jpg'),
(2, 'cuello y espalda 3', 1, 40, './views/imagen_servicio/archivos/153964429829.jpg'),
(3, 'Ritual imperial 2', 1, 1, './views/imagen_servicio/archivos/153971639819.jpg'),
(4, 'drenaje lifático 2', 1, 50, './views/imagen_servicio/archivos/153972610787.jpg'),
(5, 'thai 2', 1, 39, './views/imagen_servicio/archivos/153972851561.jpg');

-- --------------------------------------------------------

--
-- Estructura de tabla para la tabla `instalaciones`
--

DROP TABLE IF EXISTS `instalaciones`;
CREATE TABLE IF NOT EXISTS `instalaciones` (
  `id` int(11) NOT NULL AUTO_INCREMENT,
  `nombre` varchar(255) NOT NULL,
  `archivo` text NOT NULL,
  `status` tinyint(4) NOT NULL,
  PRIMARY KEY (`id`)
) ENGINE=InnoDB AUTO_INCREMENT=13 DEFAULT CHARSET=latin1;

--
-- Volcado de datos para la tabla `instalaciones`
--

INSERT INTO `instalaciones` (`id`, `nombre`, `archivo`, `status`) VALUES
(1, 'Fuente', './views/instalaciones/archivos/153935812026.jpg', 1),
(2, 'Sala de Espera', './views/instalaciones/archivos/153935821810.jpg', 1),
(3, 'Cabina Rituales', './views/instalaciones/archivos/15393582488.jpg', 1),
(4, 'Pasillo', './views/instalaciones/archivos/153935826913.jpg', 1),
(5, 'Accesorio Estetica', './views/instalaciones/archivos/153935829365.jpg', 1),
(6, 'lavabos', './views/instalaciones/archivos/153935833743.jpg', 1),
(7, 'Area de estética', './views/instalaciones/archivos/153935837542.jpg', 1),
(8, 'Cabina masajes', './views/instalaciones/archivos/153935846132.jpg', 1),
(9, 'Pasillo', './views/instalaciones/archivos/15393584947.jpg', 1),
(10, 'Cabina', './views/instalaciones/archivos/153935866148.jpg', 1),
(11, 'Baños', './views/instalaciones/archivos/153935869666.jpg', 1),
(12, 'Cabina Masajes', './views/instalaciones/archivos/15393587321.jpg', 1);

-- --------------------------------------------------------

--
-- Estructura de tabla para la tabla `menu`
--

DROP TABLE IF EXISTS `menu`;
CREATE TABLE IF NOT EXISTS `menu` (
  `id` int(11) NOT NULL AUTO_INCREMENT,
  `nombre` varchar(200) NOT NULL,
  `icono` varchar(200) NOT NULL,
  `descripcion` text,
  `status` tinyint(1) DEFAULT NULL,
  PRIMARY KEY (`id`),
  UNIQUE KEY `descripcion` (`nombre`) USING BTREE
) ENGINE=InnoDB AUTO_INCREMENT=20 DEFAULT CHARSET=utf8 ROW_FORMAT=DYNAMIC;

--
-- Volcado de datos para la tabla `menu`
--

INSERT INTO `menu` (`id`, `nombre`, `icono`, `descripcion`, `status`) VALUES
(1, 'Seguridad', 'glyphicon glyphicon-lock', '', 1),
(2, 'Session', 'glyphicon glyphicon-user', '', 1),
(7, 'Generales', 'glyphicon glyphicon-cog', '', 1),
(10, 'Galeria', 'glyphicon glyphicon-picture', NULL, 1),
(11, 'Servicios', 'glyphicon glyphicon-tags', 'agrupación de tablas relacionadas con servicios', 1),
(12, 'Promociones', 'glyphicon glyphicon-piggy-bank', 'Agrupación de  tablas de promociones', 1),
(13, 'empleados', 'glyphicon glyphicon-education', NULL, 1),
(14, 'clientes', 'glyphicon glyphicon-record', 'se podrán registrar desde el sistema y desde el front ', 1),
(15, 'Citas', 'glyphicon glyphicon-phone-alt', 'Tendremos nuestro calendario de citas', 1),
(16, 'Index', ' glyphicon glyphicon-credit-card', 'En esta seccion podremos administrar secciones del index', 1),
(17, 'Cabinas', 'glyphicon glyphicon-map-marker', NULL, 1),
(18, 'Ajustes', 'glyphicon  glyphicon-cog', NULL, 1),
(19, 'Prepagos', 'glyphicon glyphicon-asterisk', NULL, 1);

-- --------------------------------------------------------

--
-- Estructura de tabla para la tabla `nosotros`
--

DROP TABLE IF EXISTS `nosotros`;
CREATE TABLE IF NOT EXISTS `nosotros` (
  `id` int(11) NOT NULL AUTO_INCREMENT,
  `descripcion` text NOT NULL,
  `status` tinyint(4) NOT NULL,
  PRIMARY KEY (`id`)
) ENGINE=InnoDB AUTO_INCREMENT=2 DEFAULT CHARSET=latin1;

--
-- Volcado de datos para la tabla `nosotros`
--

INSERT INTO `nosotros` (`id`, `descripcion`, `status`) VALUES
(1, 'Es un espacio de relajación de alto nivel, vanguardista y con personal altamente capacitado. Dicho conjunto crea una experiencia única de emociones y sentimientos, desde el momento de la cálida llegada a SHIFRA, hasta la cordial despedida y un seguimiento de su terapia sumamente agradable, generando así, un lugar muy confortable y especial para ti.\r\n<br><br>\r\nSomos una empresa constituida hace 9 años con el fin de brindar bienestar y armonía sincronizando nuestros 5 sentidos brindándole experiencias únicas e inolvidables.\r\n<br><br>\r\nNuestra misión es complacer sus necesidades en el ámbito de la salud y belleza basándonos en un excelente servicio al cliente con profesionales totalmente capacitados para cumplir con todas sus necesidades. \r\n<br><br>\r\nDía a día nos esmeramos en brindarle un mejor servicio trabajando siempre de la mano con productos reconocidos a nivel mundial. Contamos con 20 cabinas, 2 Hammam (vapor Turco), área de damas y caballeros, barbería, salón de belleza.\r\n', 1);

-- --------------------------------------------------------

--
-- Estructura de tabla para la tabla `payment`
--

DROP TABLE IF EXISTS `payment`;
CREATE TABLE IF NOT EXISTS `payment` (
  `id` int(11) NOT NULL AUTO_INCREMENT,
  `total` decimal(12,2) NOT NULL,
  `date_created` datetime NOT NULL,
  `description` varchar(1000) COLLATE utf8_spanish2_ci NOT NULL,
  `name` varchar(100) COLLATE utf8_spanish2_ci NOT NULL,
  `number_card` varchar(4) COLLATE utf8_spanish2_ci NOT NULL,
  `email` varchar(100) COLLATE utf8_spanish2_ci NOT NULL,
  `order_id` varchar(50) COLLATE utf8_spanish2_ci NOT NULL,
  PRIMARY KEY (`id`)
) ENGINE=MyISAM AUTO_INCREMENT=25 DEFAULT CHARSET=utf8 COLLATE=utf8_spanish2_ci;

--
-- Volcado de datos para la tabla `payment`
--

INSERT INTO `payment` (`id`, `total`, `date_created`, `description`, `name`, `number_card`, `email`, `order_id`) VALUES
(1, '30.00', '2019-09-09 11:51:32', 'papitas', 'Fulanito Pérez', '2424', 'prueba@gmail.com', 'ord_2mJB8eyTeJLx1bbS9'),
(2, '30.00', '2019-09-13 12:28:29', 'papitas', 'Fulanito Pérez', '2424', 'prueba@gmail.com', 'ord_2mKVTuobXGn48SGcS'),
(3, '30.00', '2019-09-13 12:44:42', 'papitas', 'Fulanito Pérez', '2424', 'prueba@gmail.com', 'ord_2mKVgHWZLWfkafgC1'),
(4, '30.00', '2019-09-13 13:00:29', 'papitas', 'Fulanito Pérez', '2424', 'prueba@gmail.com', 'ord_2mKVtLiX6gZBJXDi6'),
(5, '30.00', '2019-09-13 15:51:38', 'papitas', 'Fulanito Pérez', '2424', 'prueba@gmail.com', 'ord_2mKY94gxU7Z29s33Z'),
(6, '30.00', '2019-09-13 18:05:33', 'papitas', 'Fulanito Pérez', '2424', 'prueba@gmail.com', 'ord_2mKZuLTZj8tRmPdBK'),
(7, '30.00', '2019-09-13 18:35:34', 'papitas', 'Fulanito Pérez', '2424', 'prueba@gmail.com', 'ord_2mKaJGBkBeb6UeV6P'),
(8, '70.00', '2019-09-17 13:26:18', 'Ritual imperial', 'Fulanito Pérez', '2424', 'earias37@yahoo.com.mx', 'ord_2mLp57471JdQ5ZQBD'),
(9, '70.00', '2019-09-17 13:44:28', 'Ritual imperial', 'Fulanito Pérez', '2424', 'earias37@yahoo.com.mx', 'ord_2mLpJymAYc7wwYLpq'),
(10, '70.00', '2019-09-17 14:15:24', 'Ritual imperial', 'Fulanito Pérez', '2424', 'earias37@yahoo.com.mx', 'ord_2mLpibK55oBpkimPF'),
(11, '70.00', '2019-09-17 14:19:38', 'Ritual imperial', 'Fulanito Pérez', '2424', 'earias37@yahoo.com.mx', 'ord_2mLpmqVwBFvvUtt1K'),
(12, '70.00', '2019-09-17 14:29:24', 'Ritual imperial', 'Fulanito Pérez', '2424', 'earias37@yahoo.com.mx', 'ord_2mLpuJ1Uacv2eTbDZ'),
(13, '70.00', '2019-09-17 14:32:47', 'Ritual imperial', 'Fulanito Pérez', '2424', 'earias37@yahoo.com.mx', 'ord_2mLpws8yktcacsbK5'),
(14, '70.00', '2019-09-17 15:18:55', 'Ritual imperial', 'Fulanito Pérez', '2424', 'earias37@yahoo.com.mx', 'ord_2mLqZ6erzifcffiRN'),
(15, '70.00', '2019-09-17 15:21:27', 'Ritual imperial', 'Fulanito Pérez', '2424', 'earias37@yahoo.com.mx', 'ord_2mLqb3ns44etVHTpe'),
(16, '70.00', '2019-09-17 15:30:02', 'Ritual imperial', 'Fulanito Pérez', '2424', 'earias37@yahoo.com.mx', 'ord_2mLqhbpAots6V1Jtb'),
(17, '70.00', '2019-09-17 15:40:57', 'Ritual imperial', 'Fulanito Pérez', '2424', 'earias37@yahoo.com.mx', 'ord_2mLqqvpej7gCF8rTX'),
(18, '70.00', '2019-09-17 15:43:08', 'Ritual imperial', 'Fulanito Pérez', '2424', 'earias37@yahoo.com.mx', 'ord_2mLqscCjn4AosYfz8'),
(19, '70.00', '2019-09-17 17:55:11', 'Ritual imperial', 'Fulanito Pérez', '2424', 'earias37@yahoo.com.mx', 'ord_2mLscSjQbPR14fSF2'),
(20, '70.00', '2019-09-17 18:03:24', 'Ritual imperial', 'emanuel arias', '2424', 'earias37@yahoo.com.mx', 'ord_2mLsiihLHg66NQhxr'),
(21, '350.00', '2019-09-17 18:08:51', 'Planchado', 'Fulanito Pérez', '2424', 'earias37@yahoo.com.mx', 'ord_2mLsntr554c28r4yu'),
(22, '70.00', '2019-09-17 18:18:55', 'Ritual imperial', 'Fulanito Pérez', '2424', 'earias37@yahoo.com.mx', 'ord_2mLsva6BiesuaCtau'),
(23, '70.00', '2019-09-17 18:24:18', 'Ritual imperial', 'Fulanito Pérez', '2424', 'earias37@yahoo.com.mx', 'ord_2mLszgNBWCzNENFBm'),
(24, '70.00', '2019-09-17 18:27:33', 'Ritual imperial', 'Fulanito Pérez', '2424', 'earias37@yahoo.com.mx', 'ord_2mLt3ASXkYgU5FBea');

-- --------------------------------------------------------

--
-- Estructura de tabla para la tabla `pregunta_seguridad`
--

DROP TABLE IF EXISTS `pregunta_seguridad`;
CREATE TABLE IF NOT EXISTS `pregunta_seguridad` (
  `id` int(11) NOT NULL AUTO_INCREMENT,
  `pregunta` varchar(255) COLLATE utf8_spanish2_ci NOT NULL,
  PRIMARY KEY (`id`)
) ENGINE=MyISAM AUTO_INCREMENT=5 DEFAULT CHARSET=utf8 COLLATE=utf8_spanish2_ci;

--
-- Volcado de datos para la tabla `pregunta_seguridad`
--

INSERT INTO `pregunta_seguridad` (`id`, `pregunta`) VALUES
(1, '¿Tu color favorito?'),
(2, '¿El nombre de tu mascota?'),
(3, '¿Tu deporte favorito?'),
(4, '¿Tu canción preferida?');

-- --------------------------------------------------------

--
-- Estructura de tabla para la tabla `prepagos`
--

DROP TABLE IF EXISTS `prepagos`;
CREATE TABLE IF NOT EXISTS `prepagos` (
  `id` int(11) NOT NULL AUTO_INCREMENT,
  `nombre` varchar(250) NOT NULL,
  `clientes_id` int(11) NOT NULL,
  `tipo_prepago_id` int(11) NOT NULL,
  `categoria_prepago_id` int(11) NOT NULL,
  `folio` varchar(20) NOT NULL,
  `fecha_alta` date DEFAULT NULL,
  `status` tinyint(1) NOT NULL,
  PRIMARY KEY (`id`),
  KEY `clientes_id_UNIQUE` (`clientes_id`) USING BTREE,
  KEY `tipo_prepago_id_UNIQUE` (`tipo_prepago_id`) USING BTREE,
  KEY `categoria_prepago_id` (`categoria_prepago_id`) USING BTREE
) ENGINE=InnoDB AUTO_INCREMENT=10 DEFAULT CHARSET=utf8;

--
-- Volcado de datos para la tabla `prepagos`
--

INSERT INTO `prepagos` (`id`, `nombre`, `clientes_id`, `tipo_prepago_id`, `categoria_prepago_id`, `folio`, `fecha_alta`, `status`) VALUES
(1, 'C.R.E.Juan.CER001', 2, 1, 2, 'CER001', '2019-10-15', 1),
(2, 'C.R.S.Daniela.CER002', 13, 2, 2, 'CER002', '2019-10-15', 1),
(5, 'E.P.E.Ricardo.PRE003', 15, 1, 1, 'PRE003', '2019-10-15', 1),
(6, 'E.P.E.Rubén.PRE004', 22, 1, 1, 'PRE004', '2019-10-15', 1),
(7, 'E.P.S.Martha.PRE005', 18, 2, 1, 'PRE005', '2019-10-15', 1),
(8, 'C.C.S.Emanuel.CER006', 27, 1, 3, 'CER006', '2019-10-15', 1),
(9, 'E.P.S.LuisEstrada.PRE006', 34, 2, 1, 'PRE006', '2019-10-15', 1);

-- --------------------------------------------------------

--
-- Estructura de tabla para la tabla `prepagos_cantidad`
--

DROP TABLE IF EXISTS `prepagos_cantidad`;
CREATE TABLE IF NOT EXISTS `prepagos_cantidad` (
  `id` int(11) NOT NULL AUTO_INCREMENT,
  `nombre` varchar(250) NOT NULL,
  `prepagos_id` int(11) NOT NULL,
  `cantidad` decimal(10,0) NOT NULL,
  `folio` varchar(45) NOT NULL,
  `cupon` varchar(50) NOT NULL,
  `fecha_vencimiento` date NOT NULL,
  `status` tinyint(1) NOT NULL,
  PRIMARY KEY (`id`),
  KEY `clientes_id_UNIQUE` (`prepagos_id`) USING BTREE
) ENGINE=InnoDB AUTO_INCREMENT=5 DEFAULT CHARSET=utf8;

--
-- Volcado de datos para la tabla `prepagos_cantidad`
--

INSERT INTO `prepagos_cantidad` (`id`, `nombre`, `prepagos_id`, `cantidad`, `folio`, `cupon`, `fecha_vencimiento`, `status`) VALUES
(1, 'C.R.E.Juan.CER001.1020303', 1, '5000', 'CER001', '1020303', '2019-10-31', 1),
(2, 'E.P.E.Ricardo.PRE003.1020304', 5, '5000', 'PRE003', '1020304', '2019-12-31', 1),
(3, 'E:P:E:Ruben.PRE004.1020306', 6, '4000', 'PRE004', '1020306', '2020-03-31', 1),
(4, 'C.C.E.Emanuel.CER006.1020305', 8, '10000', 'CER006', '1020305', '2020-10-24', 1);

-- --------------------------------------------------------

--
-- Estructura de tabla para la tabla `prepagos_servicios`
--

DROP TABLE IF EXISTS `prepagos_servicios`;
CREATE TABLE IF NOT EXISTS `prepagos_servicios` (
  `id` int(11) NOT NULL AUTO_INCREMENT,
  `nombre` varchar(250) NOT NULL,
  `prepagos_id` int(11) NOT NULL,
  `servicios_id` int(11) NOT NULL,
  `folio` varchar(45) NOT NULL,
  `cupon` varchar(50) NOT NULL,
  `fecha_vencimiento` date NOT NULL,
  `status` tinyint(1) NOT NULL,
  PRIMARY KEY (`id`),
  UNIQUE KEY `cupon` (`cupon`),
  KEY `clientes_id_UNIQUE` (`prepagos_id`) USING BTREE,
  KEY `servicios_id` (`servicios_id`) USING BTREE
) ENGINE=InnoDB AUTO_INCREMENT=8 DEFAULT CHARSET=utf8;

--
-- Volcado de datos para la tabla `prepagos_servicios`
--

INSERT INTO `prepagos_servicios` (`id`, `nombre`, `prepagos_id`, `servicios_id`, `folio`, `cupon`, `fecha_vencimiento`, `status`) VALUES
(2, 'C.R.S.Daniela.CER002.1020301', 2, 13, 'CER002', '1020301', '2019-10-31', 1),
(4, 'E.P.S.Martha.PRE005.1020302', 7, 42, 'PRE005', '1020302', '2019-12-10', 1),
(5, 'C.C.E.Daniela.CER006.1020303', 2, 40, 'CER006', '1020303', '2020-02-29', 1),
(6, 'E.P.S.LuisEstrada.PRE006.102040', 9, 1, 'PRE006', '102040', '2019-12-31', 1),
(7, 'C.C.S.Emanuel.CER006.1020307', 8, 40, 'CER006', '1020307', '2019-12-31', 1);

-- --------------------------------------------------------

--
-- Estructura de tabla para la tabla `promociones`
--

DROP TABLE IF EXISTS `promociones`;
CREATE TABLE IF NOT EXISTS `promociones` (
  `id` int(11) NOT NULL AUTO_INCREMENT,
  `nombre` varchar(255) CHARACTER SET utf8 COLLATE utf8_spanish2_ci NOT NULL,
  `descripcion` text CHARACTER SET utf8 COLLATE utf8_spanish2_ci NOT NULL,
  `archivo` varchar(255) CHARACTER SET utf8 COLLATE utf8_spanish2_ci NOT NULL,
  `descuento` int(11) NOT NULL,
  `status` tinyint(1) NOT NULL,
  `promociones_tipo_id` int(11) NOT NULL,
  PRIMARY KEY (`id`),
  KEY `promociones_tipo_id` (`promociones_tipo_id`) USING BTREE
) ENGINE=InnoDB AUTO_INCREMENT=13 DEFAULT CHARSET=latin1;

--
-- Volcado de datos para la tabla `promociones`
--

INSERT INTO `promociones` (`id`, `nombre`, `descripcion`, `archivo`, `descuento`, `status`, `promociones_tipo_id`) VALUES
(1, 'Venta Nocturna', 'Viernes 12 y sábado 13 de Octubre', './views/promociones/archivos/153857638868.png', 50, 0, 2),
(2, 'Venta Nocturna', 'viernes  12 y sábado 13 de octubre', './views/promociones/archivos/153857643911.png', 25, 0, 2),
(3, 'FACIALES 2X1', 'Valido hasta el 15 de octubre del 2018', './views/promociones/archivos/153936198645.png', 0, 0, 2),
(4, 'MASAJES 2X1', 'Válid hasta el 15 de octubre del 2018.', './views/promociones/archivos/15393620028.png', 0, 0, 2),
(5, 'Hidratación Intensiva', 'Valido hasta el 15 de octubre', './views/promociones/archivos/15387739566.jpg', 50, 0, 1),
(6, 'Paquete Moldeador', '10 sesiones, por solo  $7,500.00', './views/promociones/archivos/155249398845.jpg', 0, 1, 1),
(7, 'Lipo sin cirugía ', '10 sesiones por solo 4,00.00', './views/promociones/archivos/15524940748.jpg', 0, 1, 1),
(8, 'depilación permanente ', '6 sesiones, por solo $4,800.00 ', './views/promociones/archivos/155249420834.jpg', 0, 1, 1),
(9, 'depilación permanente', '6 sesiones, por solo  $2,500.00', './views/promociones/archivos/155249541884.jpg', 0, 1, 2),
(10, 'Body Perfect', 'por solo $3,500.00', './views/promociones/archivos/155249547057.jpg', 0, 1, 2),
(11, 'Paquete Reafirmante', '10 Sesiones, por solo   $5,000.00', './views/promociones/archivos/155249557219.jpg', 0, 1, 2),
(12, 'Paquete Reductivo', '10 sesiones, por solo $5,000.00', './views/promociones/archivos/155249563274.jpg', 0, 1, 2);

-- --------------------------------------------------------

--
-- Estructura de tabla para la tabla `promociones_tipo`
--

DROP TABLE IF EXISTS `promociones_tipo`;
CREATE TABLE IF NOT EXISTS `promociones_tipo` (
  `id` int(11) NOT NULL AUTO_INCREMENT,
  `nombre` varchar(255) CHARACTER SET utf8 COLLATE utf8_spanish2_ci NOT NULL,
  `status` tinyint(4) NOT NULL,
  PRIMARY KEY (`id`)
) ENGINE=InnoDB AUTO_INCREMENT=4 DEFAULT CHARSET=latin1 COLLATE=latin1_general_ci;

--
-- Volcado de datos para la tabla `promociones_tipo`
--

INSERT INTO `promociones_tipo` (`id`, `nombre`, `status`) VALUES
(1, 'Servicios individuales', 1),
(2, 'Servicios grupales', 1),
(3, 'Servicios subgrupales', 0);

-- --------------------------------------------------------

--
-- Estructura de tabla para la tabla `respuesta`
--

DROP TABLE IF EXISTS `respuesta`;
CREATE TABLE IF NOT EXISTS `respuesta` (
  `id` int(11) NOT NULL AUTO_INCREMENT,
  `nombre` varchar(10) NOT NULL,
  `status` tinyint(1) NOT NULL,
  PRIMARY KEY (`id`),
  KEY `nombre` (`nombre`)
) ENGINE=InnoDB AUTO_INCREMENT=3 DEFAULT CHARSET=latin1;

--
-- Volcado de datos para la tabla `respuesta`
--

INSERT INTO `respuesta` (`id`, `nombre`, `status`) VALUES
(1, 'SI', 1),
(2, 'NO', 1);

-- --------------------------------------------------------

--
-- Estructura de tabla para la tabla `seccion_menu`
--

DROP TABLE IF EXISTS `seccion_menu`;
CREATE TABLE IF NOT EXISTS `seccion_menu` (
  `id` int(11) NOT NULL AUTO_INCREMENT,
  `nombre` varchar(200) NOT NULL,
  `descripcion` text,
  `status` tinyint(1) DEFAULT NULL,
  `menu_id` int(11) NOT NULL,
  `icono` varchar(200) NOT NULL,
  PRIMARY KEY (`id`),
  UNIQUE KEY `descripcion` (`nombre`) USING BTREE,
  KEY `menu_id` (`menu_id`) USING BTREE
) ENGINE=InnoDB AUTO_INCREMENT=95 DEFAULT CHARSET=utf8 ROW_FORMAT=DYNAMIC;

--
-- Volcado de datos para la tabla `seccion_menu`
--

INSERT INTO `seccion_menu` (`id`, `nombre`, `descripcion`, `status`, `menu_id`, `icono`) VALUES
(1, 'Grupo', '', 1, 1, 'glyphicon glyphicon-th'),
(2, 'Seccion_Menu', '', 1, 1, 'glyphicon glyphicon-th-list'),
(3, 'Accion', '', 1, 1, 'glyphicon glyphicon-play'),
(4, 'Menu', '', 1, 1, 'glyphicon glyphicon-folder-close'),
(5, 'Usuario', '', 1, 1, 'glyphicon glyphicon-user'),
(6, 'Accion_Grupo', '', 1, 1, 'glyphicon glyphicon-lock'),
(7, 'Session', '', 1, 2, 'glyphicon glyphicon-off'),
(44, 'elemento_lista', '', 1, 7, 'cdfweew fe fw f ew fe f'),
(66, 'grupo_servicios', 'agrupación de grupo de servicios ', 1, 11, 'glyphicon glyphicon-object-align-right'),
(69, 'Servicios', '', 1, 11, 'glyphicon glyphicon-object-align-right'),
(70, 'Servicios_promociones', NULL, 1, 12, 'glyphicon glyphicon-object-align-right'),
(71, 'Promociones', NULL, 1, 12, 'glyphicon glyphicon-object-align-right'),
(72, 'servicios_empleados', '', 1, 13, 'glyphicon glyphicon-object-align-right'),
(73, 'empleados', NULL, 1, 13, 'glyphicon glyphicon-object-align-right'),
(74, 'clientes', NULL, 1, 14, 'lyphicon glyphicon-object-align-right'),
(75, 'subgrupo_servicios', NULL, 1, 11, 'glyphicon glyphicon-object-align-right'),
(76, 'imagen_servicio', 'Imágenes para los servicios individuales ', 1, 11, 'glyphicon glyphicon-picture'),
(77, 'Control_Citas', NULL, 1, 15, 'glyphicon glyphicon-dashboard'),
(78, 'promociones_tipo', NULL, 1, 12, 'nada'),
(79, 'tipo_individual', '', 1, 12, 'glyphicon glyphicon-leaf'),
(80, 'tipo_grupal', NULL, 1, 12, 'glyphicon glyphicon-leaf'),
(81, 'Slider_inicio', NULL, 1, 16, ' glyphicon glyphicon-picture'),
(82, 'Nosotros', NULL, 1, 16, ' glyphicon glyphicon-text-width'),
(83, 'Slider_nosotros', NULL, 1, 16, 'glyphicon glyphicon-text-width'),
(84, 'Instalaciones', NULL, 1, 16, 'glyphicon glyphicon-picture'),
(85, 'video_inicio', 'clips', 1, 16, 'glyphicon glyphicon-film'),
(86, 'cabina', NULL, 1, 17, 'glyphicon glyphicon-oil'),
(87, 'empleados_rol', 'rol de empleados', 1, 13, 'glyphicon glyphicon-paste'),
(88, 'servicios_cabinas', NULL, 1, 17, 'glyphicon glyphicon-adjust'),
(89, 'ajustes', NULL, 1, 18, 'glyphicon glyphicon-wrench'),
(90, 'Prepagos', NULL, 1, 19, 'glyphicon glyphicon-asterisk'),
(91, 'Prepagos_servicios', NULL, 1, 19, 'glyphicon glyphicon-asterisk'),
(92, 'Prepagos_cantidad', NULL, 1, 19, 'glyphicon glyphicon-asterisk'),
(93, 'tipo_prepago', NULL, 1, 19, 'glyphicon glyphicon-asterisk'),
(94, 'categoria_prepago', NULL, 1, 19, 'glyphicon glyphicon-asterisk');

-- --------------------------------------------------------

--
-- Estructura de tabla para la tabla `servicios`
--

DROP TABLE IF EXISTS `servicios`;
CREATE TABLE IF NOT EXISTS `servicios` (
  `id` int(11) NOT NULL AUTO_INCREMENT,
  `nombre` varchar(255) CHARACTER SET latin1 NOT NULL,
  `descripcion` text CHARACTER SET latin1 NOT NULL,
  `caracteristicas` text CHARACTER SET utf8 COLLATE utf8_spanish2_ci NOT NULL,
  `archivo` varchar(255) CHARACTER SET utf8 COLLATE utf8_spanish2_ci DEFAULT NULL,
  `duracion` int(11) NOT NULL,
  `precio` decimal(6,2) NOT NULL,
  `status` tinyint(1) NOT NULL,
  `subgrupo_servicios_id` int(11) NOT NULL,
  PRIMARY KEY (`id`),
  KEY `subgrupo_servicios_id` (`subgrupo_servicios_id`) USING BTREE
) ENGINE=InnoDB AUTO_INCREMENT=114 DEFAULT CHARSET=utf8 PACK_KEYS=1;

--
-- Volcado de datos para la tabla `servicios`
--

INSERT INTO `servicios` (`id`, `nombre`, `descripcion`, `caracteristicas`, `archivo`, `duracion`, `precio`, `status`, `subgrupo_servicios_id`) VALUES
(1, 'Ritual imperial', '“Un baile cítrico para los sentidos\" Exquisito ritual de Vitamina C Natura Bisse para vivir una experiencia capaz de vitalizar la piel de tu rostro y cuerpo con todos los beneficios de la vitamina C.\r\n\r\nLa sofisticación y el cuidado global de este tratamiento enriquecen la piel con un aporte extra de vitaminas necesarias para el día a día. Sus innovadores activos antioxidantes, reafirmantes y revitalizantes redensifican y rellenan el tejido cutáneo, mostrando una piel radiante con tono uniforme. Disfruta cada minuto para beneficiarte de manera integral de la tecnología más innovadora y la cosmética más avanzada que darán respuesta a cualquiera de las necesidades de tu piel.', '+Coctel de bienvenida. +Fruta de la estación. +Botella de vino. +Fresas enchocolatadas. +Agua mineral perrier. +Decoración con fotografías (Opcional) fotografías y velas.', './views/servicios/archivos/imperial.jpg', 180, '70.00', 1, 1),
(2, 'Ritual rojo carmesí', 'Ritual que te hará vivir una experiencia llena de sensualidad inundando tus sentidos en un aroma fresco y suave, envolviendo todo su cuerpo de esencias naturales de pétalos de rosas.', ' +Coctel de bienvenida.   +Fruta de la estación. +Botella de vino espumoso +Agua mineral perrier. +Decoración con fotografías (Opcional) fotografías y velas. Además de las comodidades únicas y exclusivas, podrás disfrutar de acceso ilimitado a Vapor (Hammam Turco), beneficios e instalaciones de primer nivel que te ofrece Shifra Spa. \r\n', './views/servicios/archivos/rojo_carmesi.jpg', 180, '5900.00', 1, 1),
(3, 'Energetizante de menta', 'El exfoliante corporal de menta es el toque refrescante que nos ayuda a eliminar la piel muerta que se va acumulando y causa que la nueva no respire bien. Es recomendable tomarlo por lo menos 1 vez al mes para que la piel luzca radiante.', 'Además de las comodidades únicas y exclusivas, podrás disfrutar de acceso ilimitado a Vapor (Hammam Turco), beneficios e instalaciones de primer nivel que te ofrece Shifra Spa.', './views/servicios/archivos/energizante_menta.jpg', 30, '799.00', 1, 2),
(4, 'Humectante cacao-vainilla', 'El exfoliante de cacao-vainilla posee cualidades curativas cuando se aplica sobre la piel, hace que ésta se relaje y además posee virtudes antioxidantes, por lo que previene el envejecimiento prematuro.', 'Además de las comodidades únicas y exclusivas, podrás disfrutar de acceso ilimitado a Vapor (Hammam Turco), beneficios e instalaciones de primer nivel que te ofrece Shifra Spa.\r\n', './views/servicios/archivos/cacao_vainilla.jpg', 30, '799.00', 1, 2),
(5, 'Shifra armonía', 'Una exfoliación corporal Armonía  estimula el sistema linfático y la liberación de toxinas a través de los poros de la piel, devuelve a la piel un aspecto más uniforme y un tacto suave.', 'Además de las comodidades únicas y exclusivas, podrás disfrutar de acceso ilimitado a Vapor (Hammam Turco), beneficios e instalaciones de primer nivel que te ofrece Shifra Spa.\r\n', './views/servicios/archivos/armonia.jpg', 30, '799.00', 1, 2),
(6, 'Antioxidante de té blanco', 'Relajante exfoliación considerado uno de los tés más antioxidantes, embelleciendo la piel y protegiéndola de los radicales libres.', 'Además de las comodidades únicas y exclusivas, podrás disfrutar de acceso ilimitado a Vapor (Hammam Turco), beneficios e instalaciones de primer nivel que te ofrece Shifra Spa.\r\n', './views/servicios/archivos/te_blanco.jpg', 30, '799.00', 1, 2),
(7, 'Baño nutritivo de chocolate', 'El exfoliante corporal y la hidroterapia poseen gran cantidad de antioxidantes, además le otorga humectación y suavidad a la piel.\r\n\r\n Los antioxidantes luchan contra los radicales libres que causan el envejecimiento, logrando de esta manera suavizar las arrugas, calmar piel irritada, reducir la inflamación t mejorar la circulación.', '+Exfoliación +Hidroterapia', './views/servicios/archivos/hidroterapia_chocolate.jpg', 50, '1600.00', 1, 3),
(8, 'Baño anti edad de uva', 'La hidroterapia es un sistema terapéutico basado en la curación con aplicaciones de agua que transmiten estímulos térmicos. \r\n\r\nEl exfoliante de uva ayuda a eliminar las células muertas permitiéndonos mantener la piel limpia y libre de impurezas. \r\n\r\nLas uvas contienen fotoquímicos y fitonutrientes con propiedades antioxidantes y antiinflamatorias.', '+Exfoliación +Hidroterapia', './views/servicios/archivos/anti_edad_uva.jpg', 50, '1600.00', 1, 3),
(9, 'Baño energizante de hiervas', 'La exfoliación periódica es necesaria para eliminar impurezas y células muertas. Aunado a la hidroterapia lleva a cada músculo a una relajación total en donde la piel absorberá mejor las cremas hidratantes y aceites vegetales haciendo más efectivo su uso. Por otro lado cuenta con propiedades antisépticas, astringentes, tonificantes, antinflamatorias y analgésicas', '+Exfoliación +Hidroterapia', './views/servicios/archivos/hidroterapia_hierbas.jpg', 50, '1600.00', 1, 3),
(10, 'Revitalizante con lodo del mar muerto', 'Envoltura corporal fuente de belleza y salud por sus altas concentraciones de sodio, potasio y hierro.', '+Exfoliación +Hidroterapia', './views/servicios/archivos/revitalizante_lodo.jpg', 30, '1600.00', 1, 4),
(11, 'Anti edad con vinoterapia', 'Envoltura corporal que previene el envejecimiento prematuro, tonifica los músculos, mejora la microcirculación sanguínea, favorece la desintoxicación, proporciona sensación de bienestar, relajación y contribuye al funcionamiento del organismo en general.', '+Exfoliación +Hidroterapia', './views/servicios/archivos/hidroterapia_vinoterapia.jpg', 30, '1600.00', 1, 4),
(12, 'Equilibrante sensorial shifra', 'Excepcional tratamiento desintoxicante y purificador para la piel.', '+Exfoliación+Envoltura+ Hidroterapia+Tratamiento capilar para puntas de cabello+Facial Hidratante', './views/servicios/archivos/equilibrante_sensorial.jpg', 120, '2999.00', 1, 5),
(13, 'Sensorial chocolate', 'Experiencia energizante que tiene la capacidad de mejorar el tono y la suavidad de la piel, \"Alegría y Antioxidantes alcanzan un balance perfecto de cuerpo y mente\"', '+Exfoliación +Envoltura +Hidroterapia \r\n\r\n', './views/servicios/archivos/ritual_sensorial_chocolate.jpg', 120, '2800.00', 1, 5),
(14, 'Antioxidante de vitamina C', 'En determinados momentos de la vida cuando el cansancio y la contaminación atmosférica nos afectan, sentimos la nececidad de aportar a nuestro organismo un complejo de Vitamina C que nos aporte vitalidad proporcionando una sensación de confort y equilibrio interno.', '+Exfoliación +Envoltura +Facial', './views/servicios/archivos/vitamina_c.jpg', 120, '2750.00', 1, 5),
(15, 'Flor de loto', 'Flor de loto es una experiencia que junto a la exfoliación corporal de bambú elimina las impurezas y restaura la piel recuperando su aspecto radiante y natural. \r\n\r\nA esta exfoliación se le agrega un masaje con pindas calientes que es efectivo para tratar el estrés, la tensión nerviosa y la ansiedad. \"Las pindas son unas compresas de tela rellenas de distintas hierbas aromáticas que le brindan un efecto desintoxicante al organismo\".', '+Exfoliación. +mascarilla. +masaje con pindas. +bálsamo.  +mantequilla corporal para masaje.', './views/servicios/archivos/flor_de_loto.jpg', 120, '2800.00', 1, 5),
(16, 'Medio día de Spa', 'Exclusiva experiencia que inicia con un baño de burbujas aromático seguido de un tratamiento corpo-facial y un masaje relajante que le brindará una experiencia inolvidable a todo aquel que desea trasladarse a un profundo estado de relajación.', '+Hidroterapia +Exfoliación +Envoltura +Facial +Hidratante +Masaje\r\n', './views/servicios/archivos/medio_dia_spa.jpg', 240, '3500.00', 1, 6),
(17, 'Velo de novia', 'Despertamos tus sentidos a través de tratamientos que recorren todo tu cuerpo dejando en su punto óptimo la apariencia y la sensibilidad de la piel brindando una experiencia que no puedes dejar pasar en vísperas de tu boda.', '+Hidroterapia +Exfoliación +Envoltura +Facial +Hidratante +Masaje +Servicio de estética\r\n', './views/servicios/archivos/velo_novia.jpg', 300, '3999.00', 1, 6),
(18, 'Masajes reductivos', '\"Para lucir una figura de ensueño\" El masaje reductivo elimina la acumulación de grasa localizada y estiliza el contorno de la figura creando una silueta más estética.', '+Presión fuerte y velocidad rápida', './views/servicios/archivos/masajes_reductivos.jpg', 50, '2500.00', 1, 7),
(19, 'Vendas reductivas', '¿Quieres comenzar a reducir medidas de una forma rápida y segura? Para modelar zonas difíciles las vendas reductivas ofrecen excelentes resultados; esta técnica permite que una mayor cantidad del cuerpo absorba los activos nutritivos que las vendas suministran, así mismo, comprimen la piel facilitando la restauración de su firmeza y evitando la flacidez.', '+Masaje Reductivo +Vendas (Frías o Calientes)\r\n', './views/servicios/archivos/vendas_reductivas.jpg', 50, '2800.00', 1, 7),
(20, 'Envoltura anti-celulitica de café', '¿Quieres acabar con la celulitis? Experiencia energizante que ayuda a reducir la apariencia de piel de naranja ideal para lucir una piel espectacular.', '+Exfoliación +Envoltura +Masaje Anti-Celulitis\r\n', './views/servicios/archivos/celulitis.jpg', 50, '3125.00', 1, 7),
(21, 'Envoltura modeladora', 'Excepcional tratamiento que brinda una mejoría considerable a su cuerpo, ya que lo desintoxica de sustancias que no necesita, ayuda a modelar su figura y reducir el tejido adiposo en las áreas que causan problemática ofreciendo un excelente resultado.', '+Exfoliación +Envoltura +Masaje Modelador\r\n\r\n', './views/servicios/archivos/envoltura_modeladora.jpg', 50, '3125.00', 1, 7),
(22, 'Alternativa a la lipoescultura ¡SIN CIRUGÍA!', 'Técnica estética ideal para eliminar  esa grasa localizada que se resiste pese al ejercicio físico y la buena alimentación. Se trata de un procedimiento no quirúrgico que le permitirá disfrutar de un cuerpo armonioso y esbelto. ¡Pruébelo ya!', 'Aparatología de Vanguardia\r\n', './views/servicios/archivos/alternativa_lipoescultura.jpg', 30, '1200.00', 1, 8),
(23, 'Alternativa a la lipoescultura ¡SIN CIRUGÍA!', 'Técnica estética ideal para eliminar  esa grasa localizada que se resiste pese al ejercicio físico y la buena alimentación. Se trata de un procedimiento no quirúrgico que le permitirá disfrutar de un cuerpo armonioso y esbelto. ¡Pruébelo ya!', 'Aparatología de Vanguardia\r\n', './views/servicios/archivos/alternativa_lipoescultura.jpg', 50, '1750.00', 1, 8),
(24, 'Reafirmante', 'El ideal estético es conseguir una pared abdominal firme y suavemente curvada, esto es posible con nuestro tratamiento reafirmante. ¡No lo dejes pasar!', 'Tratamientos especiales para reafirmar\r\n', './views/servicios/archivos/reafirmante.jpg', 30, '999.00', 1, 8),
(25, 'Carboxiterapia corporal', 'Magnifico procedimiento que consiste en la aplicación de microinyecciones localizadas de CO2 en nuestra piel, una vez que la aguja ha penetrado, el gas interfiere de forma activa en las reacciones metabólicas y comienza con la eliminación de la grasa; así mismo, ayuda a combatir la mala circulación de cualquier parte del cuerpo.', 'Combate celulitis , flacidez  y  grasa localizada . Es un método mínimamente invasivo que consiste en la aplicación del gas dióxido de carbono (CO2) por vía subcutánea mediante pequeñas infiltraciones en los tejidos afectos.\r\n', './views/servicios/archivos/carboxiterapia_corporal.jpg', 50, '1750.00', 1, 8),
(26, 'Desvanecimiento de celulitis', '¿Alguna vez has dejado de ponerte la minifalda que tanto te gusta a causa de la piel de naranja? Contamos con la tecnología innovadora que ofrece resultados benéficos en el desvanecimiento de la  celulitis visibles desde las primeras sesiones.', 'Tratamientos para combatir la celulitis, con equipos de ultima tecnología como la cavitacion, radiofrecuencia …\r\n', './views/servicios/archivos/celulitis_2.jpg', 50, '1750.00', 1, 8),
(27, 'Fibrosis (pre y post - operatorio)', 'Tecnología de punta para evitar la generación de fibrosis, el objetivo del tratamiento es poder actuar en períodos tempranos pre y post - cirugía, para así poder apurar la disminución de procesos inflamatorios, edema y dolor, logrando así resultados finales homogéneos.', 'Masaje trasverso profundo, crioterapia,movilizaciones pasivas y estiramientos pasivos.\r\n', './views/servicios/archivos/fibrosis.jpg', 30, '999.00', 1, 8),
(28, 'Antiacné', 'Gracias a los aparatos de alta intensidad que utilizamos podemos tratar la bacteria del acné penetrando en el tejido y destruyéndola desde su origen sin efectos secundarios consiguiendo excelentes resultados en el cutis.', 'En manos de las expertas luciras la mejor piel deacuerdo a tu necesidad.\r\n', './views/servicios/archivos/antiacne.jpg', 50, '1800.00', 1, 9),
(29, 'Despigmentante', 'Cuando en el cutis comienza la aparición de manchas, es buen momento para dar comienzo a un tratamiento blanqueador, en Shifra Spa le ofrecemos un procedimiento que actúa en el punto en donde se encuentra la mayor concentración y pigmentación de la mancha logrando un éxito garantizado.', 'Con aparatología de vanguardia\r\n\r\n', './views/servicios/archivos/despigmentante.jpg', 50, '1800.00', 1, 9),
(30, 'Lifting facial', 'Las arrugas en el cutis aparecen a medida que van pasando los años; el lifting ayuda a mejorar los daños visibles de la piel y los músculos, este procedimiento es indicado para el trabajo de rejuvenecimiento, oxigenación y tonificación del tejido dérmico.', 'Con aparatología de vanguardia + Mascarilla plástica\r\n', './views/servicios/archivos/lifting_facial.jpg', 50, '1800.00', 1, 9),
(31, 'Lifting efecto shock', 'Tratamiento diseñado especialmente para realizarlo en una sesión, en la cual se aplicarán principios activos altamente nutritivos, brindándole a su piel un efecto inmediato recuperando el tono y vitalidad de su piel, los resultados son un cutis turgente y reafirmado al instante.', 'Con aparatología de vanguardia + Mascarilla plástica\r\n', './views/servicios/archivos/efecto_shock.jpg', 80, '2200.00', 1, 9),
(32, 'Anti-edad', 'Técnica no invasiva que elimina los signos de envejecimiento en la piel, tales como alteraciones de la textura cutánea; este es un procedimiento que debilita los pliegues del cutis ayudando a tonificar profundamente la superficie de la piel.', 'Con aparatología de vanguardia \r\n', './views/servicios/archivos/antiedad.jpg', 50, '1800.00', 1, 9),
(33, 'Contorno de ojos', 'El contorno de los ojos es mayormente vulnerable  a sufrir los efectos de la edad, ya que la piel en esta zona es la mas fina y frágil del rostro; le ofrecemos un  prestigioso tratamiento alcanzando óptimos resultados.', 'Antifaz desinflamante\r\n', './views/servicios/archivos/contorno_ojos.jpg', 30, '1200.00', 1, 9),
(34, 'Microdermoabración', 'Técnica ideal para que la piel se renueve naturalmente, eliminando las capas más superficiales del cutis; este tratamiento promueve la regeneración celular, estimula el colágeno y elastina de la piel brindando la vitalidad necesaria a su cutis.', 'Punta de diamante +Aparatología de vanguardia.', './views/servicios/archivos/microdermoabrasion.jpg', 30, '1400.00', 1, 9),
(35, 'Microdermoabración con limpieza profunda', 'Procedimiento de microdermoabración en conjunto con una limpieza facial profunda, la cual es ideal para eliminar las impurezas de la piel, dejándole disfrutar de un cutis con un tono unificado, una piel renovada y con mayor elasticidad.', 'Punta de diamante+ Aparatología de vanguardia + Extracción.\r\n', './views/servicios/archivos/microdermoabrasion_limpieza_profunda.jpg', 80, '1900.00', 1, 9),
(36, 'Carboxiterapia facial', 'La carboxiterapia facial mejora el aspecto de su cutis y ayuda a oxigenar el tejido sin efectos secundarios, consiste en la aplicación de microinyecciones localizadas de CO2 en nuestra piel, mejorando considerablemente la circulación, reafirmando y unificando el tono de su cutis. \"Haz de tu rostro un ejemplo de perfección gracias a la carboxiterapia facial\"', ' Eliminacion de los primeros signos de la edad: la desigualdad de tono, arrugas y ojeras', './views/servicios/archivos/carboxiterapia_facial.jpg', 30, '1200.00', 1, 9),
(37, 'Hidratación intensiva', 'Tratamiento ideal para mejorar la hidratación y humectación de su cutis,  procedimiento  de vanguardia que le brinda oxigenación y reafirmación cutánea.', ' Hidratacion, humectacion y reacfirmacion.\r\n', './views/servicios/archivos/hidratacion_intensiva.jpg', 50, '1400.00', 1, 9),
(38, 'Abhyanga', 'Terapia Ayurveda que combina los beneficios de los aceites escenciales con un masaje a cuatro manos en sicronización de dos terapeutas. Intenso y efectivo masaje anti-estrés, que devolverá vitalidad al cuerpo llevándolo a una etapa total de relajación.', '\"El  masaje ayurvédico es diferente del masaje\r\noccidental . Actualmente podemos,\r\ne n g e n e r a l , d i f e r e n c i a r  d o s t i p o s d e m a s a j e e l\r\nfisioterapéutico y el energético. El primero está interesado\r\nen curar una patología ya manifiesta en el cuerpo,\r\nprincipalmente trabaja sobre el cuerpo material. El segundo\r\ntrabaja con el cuerpo sutil y es más holístico. El masaje\r\nayurvédico es una combinación de ambos.\"\r\n', './views/servicios/archivos/abhyanga.jpg', 80, '2150.00', 1, 10),
(39, 'Thai', 'Terapia Indú que ayuda a restablecer la energía vital. Equilibra nuestros aspectos físicos, mentales y emocionales, a través de estiramientos pasivos en las articulaciones del cuerpo logrando una Yoga inducida.', 'Futón para Thailandés, masaje con ropa que logra una arminizacion total  con agua, concha, cracol y cuenco .', './views/servicios/archivos/thai_1.jpg', 80, '2150.00', 1, 10),
(40, 'Cuello y espalda (30min)', 'Masaje que emplea las técnicas y la presión adecuada, brinda el alivio perfecto para la tensión muscular, concentrándose en el cuello, los hombros, y parte superior e inferior de la espalda.', 'Logra una relajacion y asi mismo una descontracturacion localizada en alguna de estas zonas.', './views/servicios/archivos/cuello_espalda_1.jpg', 30, '899.00', 1, 10),
(41, 'Cuello y espalda (50min)', 'Masaje que emplea las técnicas y la presión adecuada, brinda el alivio perfecto para la tensión muscular, concentrándose en el cuello, los hombros, y parte superior e inferior de la espalda.', 'Logra una relajacion y asi mismo una descontracturacion localizada en alguna de estas zonas.', './views/servicios/archivos/cuello_espalda_1.jpg', 50, '1200.00', 1, 10),
(42, 'Sueco', 'Viva una experiencia con presión leve a media; masaje clásico y relajante perfectamente diseñado para armonizar su energía mediante movimientos suaves, lentos y largos.', 'Masaje con presión suave, relajante.\r\n', './views/servicios/archivos/sueco_1.jpg', 30, '1200.00', 1, 10),
(43, 'Sueco', 'Viva una experiencia con presión leve a media; masaje clásico y relajante perfectamente diseñado para armonizar su energía mediante movimientos suaves, lentos y largos.', 'Masaje con presión suave, relajante.\r\n', './views/servicios/archivos/sueco_1.jpg', 80, '1500.00', 1, 10),
(44, 'Holístico', 'Técnica de masaje utilizando presión media, su objetivo principal es el aliviar la tensión y conseguir un estado mental de relajación empleando estiramientos en conjunto de maniobras largas, lentas y suaves.', 'Masaje con presion media y estiramientos.', './views/servicios/archivos/holistico_1.jpg', 50, '1400.00', 1, 10),
(45, 'Holístico', 'Técnica de masaje utilizando presión media, su objetivo principal es el aliviar la tensión y conseguir un estado mental de relajación empleando estiramientos en conjunto de maniobras largas, lentas y suaves.', 'Masaje con presion media y estiramientos.', './views/servicios/archivos/holistico_1.jpg', 80, '1700.00', 1, 10),
(46, 'Tejido profundo (50min)', 'Técnica de masaje utilizando codos, antebrazos y nudillos diseñada para aliviar la tensión crónica y dolor agudo de los músculos de espalda, cuello y hombros así como del cuerpo en general. Las técnicas específicas se concentran en áreas de mayor rigidez de acuerdo a sus necesidades.', 'Masaje descontracturante.\r\n', './views/servicios/archivos/tejido_profundo.jpg', 50, '1500.00', 1, 10),
(47, 'Tejido profundo (80min)', 'Técnica de masaje utilizando codos, antebrazos y nudillos diseñada para aliviar la tensión crónica y dolor agudo de los músculos de espalda, cuello y hombros así como del cuerpo en general. Las técnicas específicas se concentran en áreas de mayor rigidez de acuerdo a sus necesidades.', 'Masaje descontracturante.\r\n', './views/servicios/archivos/tejido_profundo.jpg', 80, '1800.00', 1, 10),
(48, 'Piedras calientes', 'Técnica integral única que utiliza piedras calientes para energizar y equilibrar chacras, emociones y energías físicas. El calor otorgado por las piedras en combinación con un masaje excepcional descansa sus músculos, oxigena la piel y revitaliza.  \"Balance y equilibrio\"', 'Masaje con Piedras de obsidiana calientes.El masaje es totalmente relajante logra llegar a una descontracturacion gracias al calor de las  piedras .\r\n', './views/servicios/archivos/piedras_calientes_1.jpg', 80, '1800.00', 1, 10),
(49, 'Prenatal', 'Masaje terapéutico de relajación profunda, de gran ayuda durante el embarazo, ya que distiende los nervios contraídos y alivia dolencias habituales. ', 'Almohada especial de prenatal.\r\n', './views/servicios/archivos/prenatal_1.jpg', 50, '1400.00', 1, 10),
(50, 'Drenaje linfático', 'Masaje terapéutico suave aplicando una técnica de arrastre y bombeo de la linfa, ideal para liberar toxinas de nuestro cuerpo y eliminar la retencion de líquidos orgánicos.', 'Elimina toxinas y retencion de liquidos\r\n', './views/servicios/archivos/drenaje_linfatico_1.jpg', 80, '1700.00', 1, 10),
(51, 'Corte de cabello', 'pendiente', 'Secado y moldeado \r\n', './views/servicios/archivos/corte_cabello.jpg', 60, '250.00', 1, 11),
(52, 'Delineado de barba', 'Expertos en barbería le daran a tu barba el mantenimiento y la apariencia que deseas.', 'Recorte , delineado y aplicación de aceite de bergamota.\r\n', './views/servicios/archivos/delineado_barba.jpg', 40, '225.00', 1, 11),
(53, 'Afeitado de cabeza', 'pendiente', 'afeitado con navaja y rastrillo.\r\n', './views/servicios/archivos/afeitado_cabeza.jpg', 30, '225.00', 1, 11),
(54, 'Manicure Caballero', 'Tanto hombres como mujeres pueden gozar por igual de las ventajas de un manicure que consiste en realización de exfoliación, retirado de cutícula, limado de uñas. Las uñas representan el espejo de nuestro estado de salud, del cuidado personal y de nuestra personalidad. ', 'Retirado de cuticula, limado de uñas y esmaltado.\r\n', './views/servicios/archivos/manicure.jpg', 30, '225.00', 1, 11),
(55, 'Manicure Spa Caballero', 'El manicure se destina al embellecimiento y cuidado de las manos. Consiste en la realización de limpieza, exfoliación empuje y eliminación de cutícula, limado de uñas, aplicación de mascarilla en manos y por último un masaje de manos.', 'Exfoliacion,mascarilla para manos, retuiado de cuticula,limado de uñas, masaje y esmaltado,\r\n', './views/servicios/archivos/manicure_spa.jpg', 60, '350.00', 1, 11),
(56, 'Pedicure sencillo Caballero', 'Limpieza y limado de uñas, recorte de cutícula, eliminación de callosidades, relajamiento de pies y piernas.', 'Limado+recorte de uñas+retirado de cuticula y esmaltado\r\n', './views/servicios/archivos/pedicure.jpg', 30, '260.00', 1, 11),
(57, 'Pedicure Spa Caballero', 'El pedicure SPA deja tus pies y piernas descansados, sedosos y luciendo espectaculares. Este tratamiento consiste en eliminar las células muertas de tus piernas y pies, aplicación de mascarilla hidratante , eliminación de callosidades, recorte de cutícula, limado de uñas, aplicación de crema en pies y masaje. ', 'Exfoliacion+mascarilla envolvente+limado de asperezas+retirado de cuticula+masaje+esmaltado\r\n', './views/servicios/archivos/pedicure_spa.jpg', 60, '370.00', 1, 11),
(58, 'Tinte barba y bigote', 'Atención personalizada para obtener el estilo deseado.', '', './views/servicios/archivos/tinte_barba_bigote.jpg', 90, '290.00', 1, 11),
(59, 'Corte de dama completo', 'Lavado de cabello con un suave masaje capilar, corte a tu gusto y un bello moldeado para finalizar. ', '+Lavado+corte+secado.\r\n\r\n', './views/servicios/archivos/corte_cabello2.jpg', 60, '450.00', 1, 12),
(60, 'Tratamiento capilar fusion-dose', 'Bondadoso tratamiento para devolverle la vida a tu cabello.', 'Fusion-Dose para cabello teñido, da color y brillo/ Fusion-Dose para cabello seco, con nutrimentos.\r\n\r\n', './views/servicios/archivos/capilar_fusion_dose.jpg', 60, '500.00', 1, 12),
(61, 'Tratamiento capilar de cavier', 'Es un ritual de trataminento de excepción que sublima el cabello y que le permite devolver su belleza original.', '+Lavado +Tratado +Texturizado', './views/servicios/archivos/capilar_caviar.jpg', 90, '1200.00', 1, 12),
(62, 'Planchado', 'Luce un espectacular cabello, perfecto y liso.', '+lavado+secado+planchado\r\n', './views/servicios/archivos/planchado.jpg', 60, '350.00', 1, 12),
(63, 'Moldeado', 'Ideal para lucir los rizos que tanto quieres.', '+Lavado+secado\r\n', './views/servicios/archivos/moldeado.jpg', 60, '350.00', 1, 12),
(64, 'Tinte', 'El pincipal cambio de look se notara con un buen color', '+Tinte+lavado+secado', './views/servicios/archivos/tinte.jpg', 160, '800.00', 1, 12),
(65, 'MANICURE SENCILLO DAMA', 'Lorem ipsum dolor sit amet, consectetur adipisicing elit, sed do eiusmod tempor incididunt ut labore et dolore magna aliqua. Ut enim ad minim veniam, quis nostrud exercitation ullamco laboris nisi ut aliquip ex ea commodo consequat.', '+ Lorem ipsum dolor sit amet\r\n+ consectetur adipisicing elit,\r\n+ sed do eiusmod tempor incididunt \r\n+ ex ea commodo consequat.', './views/servicios/archivos/155906199967.jpg', 30, '225.00', 1, 12),
(66, 'Manicure Spa Dama', 'Lorem ipsum dolor sit amet, consectetur adipisicing elit, sed do eiusmod tempor incididunt ut labore et dolore magna aliqua. Ut enim ad minim veniam, quis nostrud exercitation ullamco laboris nisi ut aliquip ex ea commodo consequat.', '+ Lorem ipsum dolor sit amet\r\n+ consectetur adipisicing elit,\r\n+ sed do eiusmod tempor incididunt \r\n+ ex ea commodo consequat.', './views/servicios/archivos/155906199967.jpg', 60, '350.00', 1, 12),
(67, 'Pedicure Sencillo Dama ', 'Lorem ipsum dolor sit amet, consectetur adipisicing elit, sed do eiusmod tempor incididunt ut labore et dolore magna aliqua. Ut enim ad minim veniam, quis nostrud exercitation ullamco laboris nisi ut aliquip ex ea commodo consequat.', '+ Lorem ipsum dolor sit amet\r\n+ consectetur adipisicing elit,\r\n+ sed do eiusmod tempor incididunt \r\n+ ex ea commodo consequat.', './views/servicios/archivos/155906199967.jpg', 30, '260.00', 1, 12),
(68, 'Pedicure Spa Dama', 'Lorem ipsum dolor sit amet, consectetur adipisicing elit, sed do eiusmod tempor incididunt ut labore et dolore magna aliqua. Ut enim ad minim veniam, quis nostrud exercitation ullamco laboris nisi ut aliquip ex ea commodo consequat.', '+ Lorem ipsum dolor sit amet\r\n+ consectetur adipisicing elit,\r\n+ sed do eiusmod tempor incididunt \r\n+ ex ea commodo consequat.', './views/servicios/archivos/155906199967.jpg', 60, '370.00', 1, 12),
(69, 'Uñas Esculturales', 'Lorem ipsum dolor sit amet, consectetur adipisicing elit, sed do eiusmod tempor incididunt ut labore et dolore magna aliqua. Ut enim ad minim veniam, quis nostrud exercitation ullamco laboris nisi ut aliquip ex ea commodo consequat.', '+ Lorem ipsum dolor sit amet\r\n+ consectetur adipisicing elit,\r\n+ sed do eiusmod tempor incididunt \r\n+ ex ea commodo consequat.', './views/servicios/archivos/155906729989.jpg', 90, '400.00', 1, 12),
(70, 'Gelish', 'Lorem ipsum dolor sit amet, consectetur adipisicing elit, sed do eiusmod tempor incididunt ut labore et dolore magna aliqua. Ut enim ad minim veniam, quis nostrud exercitation ullamco laboris nisi ut aliquip ex ea commodo consequat.', '+ Lorem ipsum dolor sit amet\r\n+ consectetur adipisicing elit,\r\n+ sed do eiusmod tempor incididunt \r\n+ ex ea commodo consequat.', './views/servicios/archivos/155906729989.jpg', 30, '250.00', 1, 12),
(84, 'Microblading', 'Mirada perfecta con equipo altamente certificado', 'Micropigmentacion\r\n', './views/servicios/archivos/microblading.jpg', 60, '220.00', 1, 12),
(85, 'Delineado de cejas, labios y ojos', 'Para siempre lucir dispuesta.', 'Cosmetico utilizado para definir el contorno de la zona\r\n', './views/servicios/archivos/delineado.jpg', 60, '1900.00', 0, 12),
(86, 'Pestañas Mink', 'Mirada perfecta con equipo altamente certificado', 'alternativa para lucir una mirada perfecta\r\n', './views/servicios/archivos/pestañas_mink.jpg', 25, '990.00', 0, 12),
(87, 'Pestaña grupo', 'Mirada perfecta con equipo altamente certificado', 'alternativa para lucir una mirada perfecta\r\n', './views/servicios/archivos/pestañas_grupo.jpg', 10, '500.00', 0, 12),
(88, 'Pestaña 1x1', 'Mirada perfecta con equipo altamente certificado\r\n', '+alternativa para lucir una mirada perfecta\r\n', './views/servicios/archivos/pestañas1x1.jpg', 15, '700.00', 0, 12),
(89, 'Retoque de pestañas\r\n', 'Mirada perfecta con equipo altamente certificado\r\n', '+Alternativa para lucir una mirada perfecta\r\n', './views/servicios/archivos/retoque_pestañas.jpg', 30, '350.00', 0, 12),
(90, 'Paquete de 3 delineados', 'Ojos , labios, y ceja con un contorno delineado', '+Cosmetico utilizado para definir el contorno de la zona', './views/servicios/archivos/delineados.jpg', 120, '4999.00', 0, 12),
(91, 'Ritual Vitamina C', 'Lorem ipsum dolor sit amet, consectetur adipisicing elit, sed do eiusmod tempor incididunt ut labore et dolore magna aliqua. Ut enim ad minim veniam, quis nostrud exercitation ullamco laboris nisi ut aliquip ex ea commodo consequat.', '+ Lorem ipsum dolor sit amet\r\n+ consectetur adipisicing elit,\r\n+ sed do eiusmod tempor incididunt \r\n+ ex ea commodo consequat.', './views/servicios/archivos/lifting_facial.jpg', 120, '2700.00', 1, 13),
(92, 'Facial Vitamina C', 'Lorem ipsum dolor sit amet, consectetur adipisicing elit, sed do eiusmod tempor incididunt ut labore et dolore magna aliqua. Ut enim ad minim veniam, quis nostrud exercitation ullamco laboris nisi ut aliquip ex ea commodo consequat.', '+ Lorem ipsum dolor sit amet\r\n+ consectetur adipisicing elit,\r\n+ sed do eiusmod tempor incididunt \r\n+ ex ea commodo consequat.', './views/servicios/archivos/lifting_facial.jpg', 50, '1650.00', 1, 13),
(93, 'Ritual Oxygen', 'Lorem ipsum dolor sit amet, consectetur adipisicing elit, sed do eiusmod tempor incididunt ut labore et dolore magna aliqua. Ut enim ad minim veniam, quis nostrud exercitation ullamco laboris nisi ut aliquip ex ea commodo consequat.', '+ Lorem ipsum dolor sit amet\r\n+ consectetur adipisicing elit,\r\n+ sed do eiusmod tempor incididunt \r\n+ ex ea commodo consequat.', './views/servicios/archivos/lifting_facial.jpg', 120, '2700.00', 1, 13),
(94, 'Facial Oxygen', 'Lorem ipsum dolor sit amet, consectetur adipisicing elit, sed do eiusmod tempor incididunt ut labore et dolore magna aliqua. Ut enim ad minim veniam, quis nostrud exercitation ullamco laboris nisi ut aliquip ex ea commodo consequat.', '+ Lorem ipsum dolor sit amet\r\n+ consectetur adipisicing elit,\r\n+ sed do eiusmod tempor incididunt \r\n+ ex ea commodo consequat.', './views/servicios/archivos/lifting_facial.jpg', 50, '1650.00', 1, 13),
(95, 'Facial The Cure', 'Lorem ipsum dolor sit amet, consectetur adipisicing elit, sed do eiusmod tempor incididunt ut labore et dolore magna aliqua. Ut enim ad minim veniam, quis nostrud exercitation ullamco laboris nisi ut aliquip ex ea commodo consequat.', '+ Lorem ipsum dolor sit amet\r\n+ consectetur adipisicing elit,\r\n+ sed do eiusmod tempor incididunt \r\n+ ex ea commodo consequat.', './views/servicios/archivos/lifting_facial.jpg', 50, '1650.00', 1, 13),
(96, 'Facial The Cure', 'Lorem ipsum dolor sit amet, consectetur adipisicing elit, sed do eiusmod tempor incididunt ut labore et dolore magna aliqua. Ut enim ad minim veniam, quis nostrud exercitation ullamco laboris nisi ut aliquip ex ea commodo consequat.', '+ Lorem ipsum dolor sit amet\r\n+ consectetur adipisicing elit,\r\n+ sed do eiusmod tempor incididunt \r\n+ ex ea commodo consequat.', './views/servicios/archivos/lifting_facial.jpg', 80, '2200.00', 1, 13),
(97, 'Facial Diamond Whitening´s (Despigmentante)', 'Lorem ipsum dolor sit amet, consectetur adipisicing elit, sed do eiusmod tempor incididunt ut labore et dolore magna aliqua. Ut enim ad minim veniam, quis nostrud exercitation ullamco laboris nisi ut aliquip ex ea commodo consequat.', '+ Lorem ipsum dolor sit amet\r\n+ consectetur adipisicing elit,\r\n+ sed do eiusmod tempor incididunt \r\n+ ex ea commodo consequat.', './views/servicios/archivos/lifting_facial.jpg', 50, '1650.00', 1, 13),
(98, 'Facial S.O.S (Ceutical)', 'Lorem ipsum dolor sit amet, consectetur adipisicing elit, sed do eiusmod tempor incididunt ut labore et dolore magna aliqua. Ut enim ad minim veniam, quis nostrud exercitation ullamco laboris nisi ut aliquip ex ea commodo consequat.', '+ Lorem ipsum dolor sit amet\r\n+ consectetur adipisicing elit,\r\n+ sed do eiusmod tempor incididunt \r\n+ ex ea commodo consequat.', './views/servicios/archivos/lifting_facial.jpg', 50, '1650.00', 1, 13),
(99, 'Facial Carboxi Express', 'Lorem ipsum dolor sit amet, consectetur adipisicing elit, sed do eiusmod tempor incididunt ut labore et dolore magna aliqua. Ut enim ad minim veniam, quis nostrud exercitation ullamco laboris nisi ut aliquip ex ea commodo consequat.', '+ Lorem ipsum dolor sit amet\r\n+ consectetur adipisicing elit,\r\n+ sed do eiusmod tempor incididunt \r\n+ ex ea commodo consequat.', './views/servicios/archivos/lifting_facial.jpg', 50, '1650.00', 1, 13),
(100, 'Facial Essencial Shock', 'Lorem ipsum dolor sit amet, consectetur adipisicing elit, sed do eiusmod tempor incididunt ut labore et dolore magna aliqua. Ut enim ad minim veniam, quis nostrud exercitation ullamco laboris nisi ut aliquip ex ea commodo consequat.', '+ Lorem ipsum dolor sit amet\r\n+ consectetur adipisicing elit,\r\n+ sed do eiusmod tempor incididunt \r\n+ ex ea commodo consequat.', './views/servicios/archivos/lifting_facial.jpg', 80, '2200.00', 1, 13),
(101, 'Facial INHIBIT', 'Lorem ipsum dolor sit amet, consectetur adipisicing elit, sed do eiusmod tempor incididunt ut labore et dolore magna aliqua. Ut enim ad minim veniam, quis nostrud exercitation ullamco laboris nisi ut aliquip ex ea commodo consequat.', '+ Lorem ipsum dolor sit amet\r\n+ consectetur adipisicing elit,\r\n+ sed do eiusmod tempor incididunt \r\n+ ex ea commodo consequat.', './views/servicios/archivos/lifting_facial.jpg', 80, '2200.00', 1, 13),
(104, 'Ritual Almas Gemelas', 'Lorem ipsum dolor sit amet, consectetur adipisicing elit, sed do eiusmod tempor incididunt ut labore et dolore magna aliqua. Ut enim ad minim veniam, quis nostrud exercitation ullamco laboris nisi ut aliquip ex ea commodo consequat.', '+ Lorem ipsum dolor sit amet\r\n+ consectetur adipisicing elit,\r\n+ sed do eiusmod tempor incididunt \r\n+ ex ea commodo consequat.', './views/servicios/archivos/15590672043.jpg', 80, '3800.00', 1, 1),
(105, 'Masaje Aromaterapeutico', 'Lorem ipsum dolor sit amet, consectetur adipisicing elit, sed do eiusmod tempor incididunt ut labore et dolore magna aliqua. Ut enim ad minim veniam, quis nostrud exercitation ullamco laboris nisi ut aliquip ex ea commodo consequat.', '+ Lorem ipsum dolor sit amet\r\n+ consectetur adipisicing elit,\r\n+ sed do eiusmod tempor incididunt \r\n+ ex ea commodo consequat.', './views/servicios/archivos/155906729989.jpg', 80, '1700.00', 1, 10),
(106, 'Reflexologia Podal', 'Lorem ipsum dolor sit amet, consectetur adipisicing elit, sed do eiusmod tempor incididunt ut labore et dolore magna aliqua. Ut enim ad minim veniam, quis nostrud exercitation ullamco laboris nisi ut aliquip ex ea commodo consequat.', '+ Lorem ipsum dolor sit amet\r\n+ consectetur adipisicing elit,\r\n+ sed do eiusmod tempor incididunt \r\n+ ex ea commodo consequat.', './views/servicios/archivos/155906729989.jpg', 30, '899.00', 1, 10),
(107, 'Reflexologia Podal', 'Lorem ipsum dolor sit amet, consectetur adipisicing elit, sed do eiusmod tempor incididunt ut labore et dolore magna aliqua. Ut enim ad minim veniam, quis nostrud exercitation ullamco laboris nisi ut aliquip ex ea commodo consequat.', '+ Lorem ipsum dolor sit amet\r\n+ consectetur adipisicing elit,\r\n+ sed do eiusmod tempor incididunt \r\n+ ex ea commodo consequat.', './views/servicios/archivos/155906729989.jpg', 50, '1400.00', 1, 10),
(108, 'Craneo Facial', 'Lorem ipsum dolor sit amet, consectetur adipisicing elit, sed do eiusmod tempor incididunt ut labore et dolore magna aliqua. Ut enim ad minim veniam, quis nostrud exercitation ullamco laboris nisi ut aliquip ex ea commodo consequat.', '+ Lorem ipsum dolor sit amet\r\n+ consectetur adipisicing elit,\r\n+ sed do eiusmod tempor incididunt \r\n+ ex ea commodo consequat.', './views/servicios/archivos/155906729989.jpg', 30, '800.00', 1, 10),
(109, 'Silla Shiatsu', 'Lorem ipsum dolor sit amet, consectetur adipisicing elit, sed do eiusmod tempor incididunt ut labore et dolore magna aliqua. Ut enim ad minim veniam, quis nostrud exercitation ullamco laboris nisi ut aliquip ex ea commodo consequat.', '+ Lorem ipsum dolor sit amet\r\n+ consectetur adipisicing elit,\r\n+ sed do eiusmod tempor incididunt \r\n+ ex ea commodo consequat.', './views/servicios/archivos/155906729989.jpg', 30, '499.00', 1, 10),
(110, 'Silla Shiatsu', 'Lorem ipsum dolor sit amet, consectetur adipisicing elit, sed do eiusmod tempor incididunt ut labore et dolore magna aliqua. Ut enim ad minim veniam, quis nostrud exercitation ullamco laboris nisi ut aliquip ex ea commodo consequat.', '+ Lorem ipsum dolor sit amet\r\n+ consectetur adipisicing elit,\r\n+ sed do eiusmod tempor incididunt \r\n+ ex ea commodo consequat.', './views/servicios/archivos/155906729989.jpg', 50, '800.00', 1, 10),
(111, 'Silla Shiatsu', 'Lorem ipsum dolor sit amet, consectetur adipisicing elit, sed do eiusmod tempor incididunt ut labore et dolore magna aliqua. Ut enim ad minim veniam, quis nostrud exercitation ullamco laboris nisi ut aliquip ex ea commodo consequat.', '+ Lorem ipsum dolor sit amet\r\n+ consectetur adipisicing elit,\r\n+ sed do eiusmod tempor incididunt \r\n+ ex ea commodo consequat.', './views/servicios/archivos/155906729989.jpg', 80, '1300.00', 1, 10),
(112, 'Piernas Cansadas', 'Lorem ipsum dolor sit amet, consectetur adipisicing elit, sed do eiusmod tempor incididunt ut labore et dolore magna aliqua. Ut enim ad minim veniam, quis nostrud exercitation ullamco laboris nisi ut aliquip ex ea commodo consequat.', '+ Lorem ipsum dolor sit amet\r\n+ consectetur adipisicing elit,\r\n+ sed do eiusmod tempor incididunt \r\n+ ex ea commodo consequat.', './views/servicios/archivos/155906729989.jpg', 30, '899.00', 0, 10),
(113, 'Piernas Cansadas', 'Lorem ipsum dolor sit amet, consectetur adipisicing elit, sed do eiusmod tempor incididunt ut labore et dolore magna aliqua. Ut enim ad minim veniam, quis nostrud exercitation ullamco laboris nisi ut aliquip ex ea commodo consequat.', '+ Lorem ipsum dolor sit amet\r\n+ consectetur adipisicing elit,\r\n+ sed do eiusmod tempor incididunt \r\n+ ex ea commodo consequat.', './views/servicios/archivos/155906729989.jpg', 80, '1200.00', 0, 10);

-- --------------------------------------------------------

--
-- Estructura de tabla para la tabla `servicios_cabinas`
--

DROP TABLE IF EXISTS `servicios_cabinas`;
CREATE TABLE IF NOT EXISTS `servicios_cabinas` (
  `id` int(11) NOT NULL AUTO_INCREMENT,
  `servicios_id` int(11) NOT NULL,
  `cabina_id` int(11) NOT NULL,
  `status` int(11) NOT NULL,
  PRIMARY KEY (`id`),
  KEY `conecta sevicio id` (`servicios_id`),
  KEY `conecta cabinas id` (`cabina_id`)
) ENGINE=InnoDB AUTO_INCREMENT=485 DEFAULT CHARSET=latin1;

--
-- Volcado de datos para la tabla `servicios_cabinas`
--

INSERT INTO `servicios_cabinas` (`id`, `servicios_id`, `cabina_id`, `status`) VALUES
(1, 1, 17, 1),
(2, 1, 18, 1),
(3, 1, 14, 1),
(4, 2, 17, 1),
(5, 2, 18, 1),
(6, 2, 14, 1),
(7, 3, 12, 1),
(8, 3, 13, 1),
(9, 3, 14, 1),
(10, 3, 17, 1),
(11, 3, 18, 1),
(12, 4, 12, 1),
(13, 4, 13, 1),
(14, 4, 14, 1),
(15, 4, 17, 1),
(16, 4, 18, 1),
(17, 5, 12, 1),
(18, 5, 13, 1),
(19, 5, 14, 1),
(20, 5, 17, 1),
(21, 5, 18, 1),
(22, 6, 12, 1),
(23, 6, 13, 1),
(24, 6, 14, 1),
(25, 6, 17, 1),
(26, 6, 18, 1),
(27, 7, 14, 1),
(28, 7, 17, 1),
(29, 7, 18, 1),
(30, 8, 14, 1),
(31, 8, 17, 1),
(32, 8, 18, 1),
(33, 9, 14, 1),
(34, 9, 17, 1),
(35, 9, 18, 1),
(36, 10, 12, 1),
(37, 10, 13, 1),
(38, 10, 14, 1),
(39, 10, 17, 1),
(40, 10, 18, 1),
(41, 11, 12, 1),
(42, 11, 13, 1),
(43, 11, 14, 1),
(44, 11, 17, 1),
(45, 11, 18, 1),
(46, 12, 14, 1),
(47, 12, 17, 1),
(48, 12, 18, 1),
(49, 13, 12, 1),
(50, 13, 13, 1),
(51, 13, 14, 1),
(52, 13, 17, 1),
(53, 13, 18, 1),
(54, 14, 12, 1),
(55, 14, 13, 1),
(56, 14, 14, 1),
(57, 14, 17, 1),
(58, 14, 18, 1),
(59, 15, 12, 1),
(60, 15, 13, 1),
(61, 15, 14, 1),
(62, 15, 17, 1),
(63, 15, 18, 1),
(64, 16, 14, 1),
(65, 16, 17, 1),
(66, 16, 18, 1),
(67, 17, 14, 1),
(68, 17, 17, 1),
(69, 17, 18, 1),
(70, 18, 6, 1),
(71, 18, 7, 1),
(72, 18, 9, 1),
(73, 18, 10, 1),
(74, 18, 11, 1),
(75, 19, 6, 1),
(76, 19, 7, 1),
(77, 19, 9, 1),
(78, 19, 10, 1),
(79, 19, 11, 1),
(80, 20, 12, 1),
(81, 20, 13, 1),
(82, 20, 14, 1),
(83, 20, 17, 1),
(84, 20, 18, 1),
(85, 21, 12, 1),
(86, 21, 13, 1),
(87, 21, 14, 1),
(88, 21, 17, 1),
(89, 21, 18, 1),
(90, 22, 7, 1),
(91, 23, 7, 1),
(92, 24, 9, 1),
(93, 24, 11, 1),
(94, 25, 6, 1),
(95, 26, 7, 1),
(96, 26, 9, 1),
(97, 26, 11, 1),
(98, 27, 9, 1),
(99, 27, 11, 1),
(100, 28, 6, 1),
(101, 29, 6, 1),
(102, 30, 6, 1),
(103, 31, 6, 1),
(104, 31, 3, 1),
(105, 32, 6, 1),
(106, 33, 3, 1),
(107, 33, 6, 1),
(108, 34, 4, 1),
(109, 35, 4, 1),
(110, 36, 6, 1),
(111, 37, 1, 1),
(112, 37, 2, 1),
(113, 37, 3, 1),
(114, 37, 4, 1),
(115, 37, 5, 1),
(116, 38, 1, 1),
(117, 38, 2, 1),
(118, 38, 3, 1),
(119, 38, 4, 1),
(120, 38, 6, 1),
(121, 38, 7, 1),
(122, 38, 9, 1),
(123, 38, 11, 1),
(124, 38, 12, 1),
(125, 38, 13, 1),
(126, 38, 14, 1),
(127, 38, 15, 1),
(128, 38, 16, 1),
(129, 38, 17, 1),
(130, 38, 18, 1),
(131, 39, 5, 1),
(132, 40, 1, 1),
(133, 40, 2, 1),
(134, 40, 3, 1),
(135, 40, 4, 1),
(136, 40, 6, 1),
(137, 40, 7, 1),
(138, 40, 9, 1),
(139, 40, 11, 1),
(140, 40, 12, 1),
(141, 40, 13, 1),
(142, 40, 14, 1),
(143, 40, 15, 1),
(144, 40, 16, 1),
(145, 40, 17, 1),
(146, 40, 18, 1),
(147, 41, 1, 1),
(148, 41, 2, 1),
(149, 41, 3, 1),
(150, 41, 4, 1),
(151, 41, 6, 1),
(152, 41, 7, 1),
(153, 41, 9, 1),
(154, 41, 11, 1),
(155, 41, 12, 1),
(156, 41, 13, 1),
(157, 41, 14, 1),
(158, 41, 15, 1),
(159, 41, 16, 1),
(160, 41, 17, 1),
(161, 41, 18, 1),
(162, 42, 1, 1),
(163, 42, 2, 1),
(164, 42, 3, 1),
(165, 42, 4, 1),
(166, 42, 6, 1),
(167, 42, 7, 1),
(168, 42, 9, 1),
(169, 42, 11, 1),
(170, 42, 12, 1),
(171, 42, 13, 1),
(172, 42, 14, 1),
(173, 42, 15, 1),
(174, 42, 16, 1),
(175, 42, 17, 1),
(176, 42, 18, 1),
(177, 43, 1, 1),
(178, 43, 2, 1),
(179, 43, 3, 1),
(180, 43, 4, 1),
(181, 43, 6, 1),
(182, 43, 7, 1),
(183, 43, 9, 1),
(184, 43, 11, 1),
(185, 43, 12, 1),
(186, 43, 13, 1),
(187, 43, 14, 1),
(188, 43, 15, 1),
(189, 43, 16, 1),
(190, 43, 17, 1),
(191, 43, 18, 1),
(192, 44, 1, 1),
(193, 44, 2, 1),
(194, 44, 3, 1),
(195, 44, 4, 1),
(196, 44, 6, 1),
(197, 44, 7, 1),
(198, 44, 9, 1),
(199, 44, 11, 1),
(200, 44, 12, 1),
(201, 44, 13, 1),
(202, 44, 14, 1),
(203, 44, 15, 1),
(204, 44, 16, 1),
(205, 44, 17, 1),
(206, 44, 18, 1),
(207, 45, 1, 1),
(208, 45, 2, 1),
(209, 45, 3, 1),
(210, 45, 4, 1),
(211, 45, 6, 1),
(212, 45, 7, 1),
(213, 45, 9, 1),
(214, 45, 11, 1),
(215, 45, 12, 1),
(216, 45, 13, 1),
(217, 45, 14, 1),
(218, 45, 15, 1),
(219, 45, 16, 1),
(220, 45, 17, 1),
(221, 45, 18, 1),
(222, 46, 1, 1),
(223, 46, 2, 1),
(224, 46, 3, 1),
(225, 46, 4, 1),
(226, 46, 6, 1),
(227, 46, 7, 1),
(228, 46, 9, 1),
(229, 46, 11, 1),
(230, 46, 12, 1),
(231, 46, 13, 1),
(232, 46, 14, 1),
(233, 46, 15, 1),
(234, 46, 16, 1),
(235, 46, 17, 1),
(236, 46, 18, 1),
(237, 47, 1, 1),
(238, 47, 2, 1),
(239, 47, 3, 1),
(240, 47, 4, 1),
(241, 47, 6, 1),
(242, 47, 7, 1),
(243, 47, 9, 1),
(244, 47, 11, 1),
(245, 47, 12, 1),
(246, 47, 13, 1),
(247, 47, 14, 1),
(248, 47, 15, 1),
(249, 47, 16, 1),
(250, 47, 17, 1),
(251, 47, 18, 1),
(252, 48, 1, 1),
(253, 48, 2, 1),
(254, 48, 3, 1),
(255, 48, 4, 1),
(256, 48, 6, 1),
(257, 48, 7, 1),
(258, 48, 9, 1),
(259, 48, 11, 1),
(260, 48, 12, 1),
(261, 48, 13, 1),
(262, 48, 14, 1),
(263, 48, 15, 1),
(264, 48, 16, 1),
(265, 48, 17, 1),
(266, 48, 18, 1),
(267, 49, 1, 1),
(268, 49, 2, 1),
(269, 49, 3, 1),
(270, 49, 4, 1),
(271, 49, 6, 1),
(272, 49, 7, 1),
(273, 49, 9, 1),
(274, 49, 11, 1),
(275, 49, 12, 1),
(276, 49, 13, 1),
(277, 49, 14, 1),
(278, 49, 15, 1),
(279, 49, 16, 1),
(280, 49, 17, 1),
(281, 49, 18, 1),
(282, 50, 1, 1),
(283, 50, 2, 1),
(284, 50, 3, 1),
(285, 50, 4, 1),
(286, 50, 6, 1),
(287, 50, 7, 1),
(288, 50, 9, 1),
(289, 50, 11, 1),
(290, 50, 12, 1),
(291, 50, 13, 1),
(292, 50, 14, 1),
(293, 50, 15, 1),
(294, 50, 16, 1),
(295, 50, 17, 1),
(296, 50, 18, 1),
(297, 91, 12, 1),
(298, 91, 13, 1),
(299, 91, 14, 1),
(300, 91, 17, 1),
(301, 91, 18, 1),
(302, 92, 1, 1),
(303, 92, 2, 1),
(304, 92, 3, 1),
(305, 92, 4, 1),
(306, 92, 5, 1),
(307, 92, 6, 1),
(308, 92, 10, 1),
(309, 92, 11, 1),
(310, 93, 12, 1),
(311, 93, 13, 1),
(312, 93, 14, 1),
(313, 93, 17, 1),
(314, 93, 18, 1),
(315, 94, 1, 1),
(316, 94, 2, 1),
(317, 94, 3, 1),
(318, 94, 4, 1),
(319, 94, 5, 1),
(320, 94, 6, 1),
(321, 94, 10, 1),
(322, 94, 11, 1),
(323, 95, 1, 1),
(324, 95, 2, 1),
(325, 95, 3, 1),
(326, 95, 4, 1),
(327, 95, 5, 1),
(328, 95, 6, 1),
(329, 95, 10, 1),
(330, 95, 11, 1),
(331, 96, 1, 1),
(332, 96, 2, 1),
(333, 96, 3, 1),
(334, 96, 4, 1),
(335, 96, 5, 1),
(336, 96, 6, 1),
(337, 96, 10, 1),
(338, 96, 11, 1),
(339, 97, 1, 1),
(340, 97, 2, 1),
(341, 97, 3, 1),
(342, 97, 4, 1),
(343, 97, 5, 1),
(344, 97, 6, 1),
(345, 97, 10, 1),
(346, 97, 11, 1),
(347, 98, 1, 1),
(348, 98, 2, 1),
(349, 98, 3, 1),
(350, 98, 4, 1),
(351, 98, 5, 1),
(352, 98, 6, 1),
(353, 98, 10, 1),
(354, 98, 11, 1),
(355, 99, 1, 1),
(356, 99, 2, 1),
(357, 99, 3, 1),
(358, 99, 4, 1),
(359, 99, 5, 1),
(360, 99, 6, 1),
(361, 99, 10, 1),
(362, 99, 11, 1),
(363, 100, 1, 1),
(364, 100, 2, 1),
(365, 100, 3, 1),
(366, 100, 4, 1),
(367, 100, 5, 1),
(368, 100, 6, 1),
(369, 100, 10, 1),
(370, 100, 11, 1),
(371, 101, 1, 1),
(372, 101, 2, 1),
(373, 101, 3, 1),
(374, 101, 4, 1),
(375, 101, 5, 1),
(376, 101, 6, 1),
(377, 101, 10, 1),
(378, 101, 11, 1),
(379, 104, 12, 1),
(380, 104, 13, 1),
(381, 104, 16, 1),
(382, 105, 1, 1),
(383, 105, 2, 1),
(384, 105, 3, 1),
(385, 105, 4, 1),
(386, 105, 6, 1),
(387, 105, 7, 1),
(388, 105, 9, 1),
(389, 105, 11, 1),
(390, 105, 12, 1),
(391, 105, 13, 1),
(392, 105, 14, 1),
(393, 105, 15, 1),
(394, 105, 16, 1),
(395, 105, 17, 1),
(396, 105, 18, 1),
(397, 106, 1, 1),
(398, 106, 2, 1),
(399, 106, 3, 1),
(400, 106, 4, 1),
(401, 106, 5, 1),
(402, 106, 6, 1),
(403, 106, 7, 1),
(404, 106, 9, 1),
(405, 106, 10, 1),
(406, 106, 11, 1),
(407, 106, 12, 1),
(408, 106, 13, 1),
(409, 106, 14, 1),
(410, 106, 15, 1),
(411, 106, 16, 1),
(412, 106, 17, 1),
(413, 106, 18, 1),
(414, 107, 1, 1),
(415, 107, 2, 1),
(416, 107, 3, 1),
(417, 107, 4, 1),
(418, 107, 5, 1),
(419, 107, 6, 1),
(420, 107, 7, 1),
(421, 107, 9, 1),
(422, 107, 10, 1),
(423, 107, 11, 1),
(424, 107, 12, 1),
(425, 107, 13, 1),
(426, 107, 14, 1),
(427, 107, 15, 1),
(428, 107, 16, 1),
(429, 107, 17, 1),
(430, 107, 18, 1),
(431, 108, 1, 1),
(432, 108, 2, 1),
(433, 108, 3, 1),
(434, 108, 4, 1),
(435, 108, 5, 1),
(436, 108, 6, 1),
(437, 108, 7, 1),
(438, 108, 9, 1),
(439, 108, 10, 1),
(440, 108, 11, 1),
(441, 108, 12, 1),
(442, 108, 13, 1),
(443, 108, 14, 1),
(444, 108, 15, 1),
(445, 108, 16, 1),
(446, 108, 17, 1),
(447, 108, 18, 1),
(448, 109, 5, 1),
(449, 110, 5, 1),
(450, 111, 5, 1),
(451, 112, 1, 1),
(452, 112, 2, 1),
(453, 112, 3, 1),
(454, 112, 4, 1),
(455, 112, 5, 1),
(456, 112, 6, 1),
(457, 112, 7, 1),
(458, 112, 9, 1),
(459, 112, 10, 1),
(460, 112, 11, 1),
(461, 112, 12, 1),
(462, 112, 13, 1),
(463, 112, 14, 1),
(464, 112, 15, 1),
(465, 112, 16, 1),
(466, 112, 17, 1),
(467, 112, 18, 1),
(468, 113, 1, 1),
(469, 113, 2, 1),
(470, 113, 3, 1),
(471, 113, 4, 1),
(472, 113, 5, 1),
(473, 113, 6, 1),
(474, 113, 7, 1),
(475, 113, 9, 1),
(476, 113, 10, 1),
(477, 113, 11, 1),
(478, 113, 12, 1),
(479, 113, 13, 1),
(480, 113, 14, 1),
(481, 113, 15, 1),
(482, 113, 16, 1),
(483, 113, 17, 1),
(484, 113, 18, 1);

-- --------------------------------------------------------

--
-- Estructura de tabla para la tabla `servicios_empleados`
--

DROP TABLE IF EXISTS `servicios_empleados`;
CREATE TABLE IF NOT EXISTS `servicios_empleados` (
  `id` int(11) NOT NULL AUTO_INCREMENT,
  `servicios_id` int(11) NOT NULL,
  `empleados_id` int(11) NOT NULL,
  `status` tinyint(1) NOT NULL,
  PRIMARY KEY (`id`),
  KEY `id_servicios` (`servicios_id`),
  KEY `id_empleado` (`empleados_id`)
) ENGINE=InnoDB AUTO_INCREMENT=1300 DEFAULT CHARSET=latin1;

--
-- Volcado de datos para la tabla `servicios_empleados`
--

INSERT INTO `servicios_empleados` (`id`, `servicios_id`, `empleados_id`, `status`) VALUES
(1, 1, 1, 1),
(2, 1, 2, 1),
(3, 1, 3, 1),
(4, 1, 4, 1),
(5, 1, 5, 1),
(6, 1, 6, 1),
(7, 1, 7, 1),
(8, 1, 8, 1),
(9, 1, 9, 1),
(10, 1, 10, 1),
(11, 1, 11, 1),
(12, 1, 12, 1),
(13, 1, 13, 1),
(14, 1, 14, 1),
(15, 1, 15, 1),
(16, 1, 16, 1),
(17, 1, 17, 1),
(18, 1, 18, 1),
(19, 1, 19, 1),
(20, 1, 20, 1),
(21, 1, 21, 1),
(22, 1, 22, 1),
(23, 2, 1, 1),
(24, 2, 2, 1),
(25, 2, 3, 1),
(26, 2, 2, 1),
(27, 2, 4, 1),
(28, 2, 5, 1),
(29, 2, 6, 1),
(30, 2, 7, 1),
(31, 2, 8, 1),
(32, 2, 9, 1),
(33, 2, 10, 1),
(34, 2, 11, 1),
(35, 2, 12, 1),
(36, 2, 13, 1),
(37, 2, 14, 1),
(38, 2, 15, 1),
(39, 2, 16, 1),
(40, 2, 17, 1),
(41, 2, 18, 1),
(42, 2, 19, 1),
(43, 2, 20, 1),
(44, 2, 21, 1),
(45, 2, 22, 1),
(46, 3, 1, 1),
(47, 3, 2, 1),
(48, 3, 3, 1),
(49, 3, 4, 1),
(50, 3, 5, 1),
(51, 3, 6, 1),
(52, 3, 7, 1),
(53, 3, 8, 1),
(54, 3, 9, 1),
(55, 3, 10, 1),
(56, 3, 11, 1),
(57, 3, 12, 1),
(58, 3, 13, 1),
(59, 3, 14, 1),
(60, 3, 15, 1),
(61, 3, 16, 1),
(62, 3, 17, 1),
(63, 3, 18, 1),
(64, 3, 19, 1),
(65, 3, 20, 1),
(66, 3, 21, 1),
(67, 3, 22, 1),
(68, 4, 1, 1),
(69, 4, 2, 1),
(70, 4, 3, 1),
(71, 4, 4, 1),
(72, 4, 5, 1),
(73, 4, 6, 1),
(74, 4, 7, 1),
(75, 4, 8, 1),
(76, 4, 9, 1),
(77, 4, 10, 1),
(78, 4, 11, 1),
(79, 4, 12, 1),
(80, 4, 13, 1),
(81, 4, 14, 1),
(82, 4, 15, 1),
(83, 4, 16, 1),
(84, 4, 17, 1),
(85, 4, 18, 1),
(86, 4, 19, 1),
(87, 4, 20, 1),
(88, 4, 21, 1),
(89, 4, 22, 1),
(90, 5, 1, 1),
(91, 5, 2, 1),
(92, 5, 3, 1),
(93, 5, 4, 1),
(94, 5, 5, 1),
(95, 5, 6, 1),
(96, 5, 7, 1),
(97, 5, 8, 1),
(98, 5, 9, 1),
(99, 5, 10, 1),
(100, 5, 11, 1),
(101, 5, 12, 1),
(102, 5, 13, 1),
(103, 5, 14, 1),
(104, 5, 15, 1),
(105, 5, 16, 1),
(106, 5, 17, 1),
(107, 5, 18, 1),
(108, 5, 19, 1),
(109, 5, 20, 1),
(110, 5, 21, 1),
(111, 5, 22, 1),
(112, 6, 1, 1),
(113, 6, 2, 1),
(114, 6, 3, 1),
(115, 6, 4, 1),
(116, 6, 5, 1),
(117, 6, 6, 1),
(118, 6, 7, 1),
(119, 6, 8, 1),
(120, 6, 9, 1),
(121, 6, 10, 1),
(122, 6, 11, 1),
(123, 6, 12, 1),
(124, 6, 13, 1),
(125, 6, 14, 1),
(126, 6, 15, 1),
(127, 6, 16, 1),
(128, 6, 17, 1),
(129, 6, 18, 1),
(130, 6, 19, 1),
(131, 6, 20, 1),
(132, 6, 21, 1),
(133, 6, 22, 1),
(134, 7, 1, 1),
(135, 7, 2, 1),
(136, 7, 3, 1),
(137, 7, 4, 1),
(138, 7, 5, 1),
(139, 7, 6, 1),
(140, 7, 7, 1),
(141, 7, 8, 1),
(142, 7, 9, 1),
(143, 7, 10, 1),
(144, 7, 11, 1),
(145, 7, 12, 1),
(146, 7, 13, 1),
(147, 7, 14, 1),
(148, 7, 15, 1),
(149, 7, 16, 1),
(150, 7, 17, 1),
(151, 7, 18, 1),
(152, 7, 19, 1),
(153, 7, 20, 1),
(154, 7, 21, 1),
(155, 7, 22, 1),
(156, 8, 1, 1),
(157, 8, 2, 1),
(158, 8, 3, 1),
(159, 8, 4, 1),
(160, 8, 5, 1),
(161, 8, 6, 1),
(162, 8, 7, 1),
(163, 8, 8, 1),
(164, 8, 9, 1),
(165, 8, 10, 1),
(166, 8, 11, 1),
(167, 8, 12, 1),
(168, 8, 13, 1),
(169, 8, 14, 1),
(170, 8, 15, 1),
(171, 8, 16, 1),
(172, 8, 17, 1),
(173, 8, 18, 1),
(174, 8, 19, 1),
(175, 8, 20, 1),
(176, 8, 21, 1),
(177, 8, 22, 1),
(178, 9, 1, 1),
(179, 9, 2, 1),
(180, 9, 3, 1),
(181, 9, 4, 1),
(182, 9, 5, 1),
(183, 9, 6, 1),
(184, 9, 7, 1),
(185, 9, 8, 1),
(186, 9, 9, 1),
(187, 9, 10, 1),
(188, 9, 11, 1),
(189, 9, 12, 1),
(190, 9, 13, 1),
(191, 9, 14, 1),
(192, 9, 15, 1),
(193, 9, 16, 1),
(194, 9, 17, 1),
(195, 9, 18, 1),
(196, 9, 19, 1),
(197, 9, 20, 1),
(198, 9, 21, 1),
(199, 9, 22, 1),
(200, 10, 1, 1),
(201, 10, 2, 1),
(202, 10, 3, 1),
(203, 10, 4, 1),
(204, 10, 5, 1),
(205, 10, 6, 1),
(206, 10, 7, 1),
(207, 10, 8, 1),
(208, 10, 9, 1),
(209, 10, 10, 1),
(210, 10, 11, 1),
(211, 10, 12, 1),
(212, 10, 13, 1),
(213, 10, 14, 1),
(214, 10, 15, 1),
(215, 10, 16, 1),
(216, 10, 17, 1),
(217, 10, 18, 1),
(218, 10, 19, 1),
(219, 10, 20, 1),
(220, 10, 21, 1),
(221, 10, 22, 1),
(222, 11, 1, 1),
(223, 11, 2, 1),
(224, 11, 3, 1),
(225, 11, 4, 1),
(226, 11, 5, 1),
(227, 11, 6, 1),
(228, 11, 7, 1),
(229, 11, 8, 1),
(230, 11, 9, 1),
(231, 11, 10, 1),
(232, 11, 11, 1),
(233, 11, 12, 1),
(234, 11, 13, 1),
(235, 11, 14, 1),
(236, 11, 15, 1),
(237, 11, 16, 1),
(238, 11, 17, 1),
(239, 11, 18, 1),
(240, 11, 19, 1),
(241, 11, 20, 1),
(242, 11, 21, 1),
(243, 11, 22, 1),
(244, 12, 1, 1),
(245, 12, 2, 1),
(246, 12, 3, 1),
(247, 12, 4, 1),
(248, 12, 5, 1),
(249, 12, 6, 1),
(250, 12, 7, 1),
(251, 12, 8, 1),
(252, 12, 9, 1),
(253, 12, 10, 1),
(254, 12, 11, 1),
(255, 12, 12, 1),
(256, 12, 13, 1),
(257, 12, 14, 1),
(258, 12, 15, 1),
(259, 12, 16, 1),
(260, 12, 17, 1),
(261, 12, 18, 1),
(262, 12, 19, 1),
(263, 12, 20, 1),
(264, 12, 21, 1),
(265, 12, 22, 1),
(266, 13, 1, 1),
(267, 13, 2, 1),
(268, 13, 3, 1),
(269, 13, 4, 1),
(270, 13, 5, 1),
(271, 13, 6, 1),
(272, 13, 7, 1),
(273, 13, 8, 1),
(274, 13, 9, 1),
(275, 13, 10, 1),
(276, 13, 11, 1),
(277, 13, 12, 1),
(278, 13, 13, 1),
(279, 13, 14, 1),
(280, 13, 15, 1),
(281, 13, 16, 1),
(282, 13, 17, 1),
(283, 13, 18, 1),
(284, 13, 19, 1),
(285, 13, 20, 1),
(286, 13, 21, 1),
(287, 13, 22, 1),
(288, 14, 1, 1),
(289, 14, 2, 1),
(290, 14, 3, 1),
(291, 14, 4, 1),
(292, 14, 5, 1),
(293, 14, 6, 1),
(294, 14, 7, 1),
(295, 14, 8, 1),
(296, 14, 9, 1),
(297, 14, 10, 1),
(298, 14, 11, 1),
(299, 14, 12, 1),
(300, 14, 13, 1),
(301, 14, 14, 1),
(302, 14, 15, 1),
(303, 14, 16, 1),
(304, 14, 17, 1),
(305, 14, 18, 1),
(306, 14, 19, 1),
(307, 14, 20, 1),
(308, 14, 21, 1),
(309, 14, 22, 1),
(310, 15, 1, 1),
(311, 15, 2, 1),
(312, 15, 3, 1),
(313, 15, 4, 1),
(314, 15, 5, 1),
(315, 15, 6, 1),
(316, 15, 7, 1),
(317, 15, 8, 1),
(318, 15, 9, 1),
(319, 15, 10, 1),
(320, 15, 11, 1),
(321, 15, 12, 1),
(322, 15, 13, 1),
(323, 15, 14, 1),
(324, 15, 15, 1),
(325, 15, 16, 1),
(326, 15, 17, 1),
(327, 15, 18, 1),
(328, 15, 19, 1),
(329, 15, 20, 1),
(330, 15, 21, 1),
(331, 15, 22, 1),
(332, 16, 1, 1),
(333, 16, 2, 1),
(334, 16, 3, 1),
(335, 16, 4, 1),
(336, 16, 5, 1),
(337, 16, 7, 1),
(338, 16, 8, 1),
(339, 16, 9, 1),
(340, 16, 10, 1),
(341, 16, 11, 1),
(342, 16, 12, 1),
(343, 16, 13, 1),
(344, 16, 14, 1),
(345, 16, 15, 1),
(346, 16, 16, 1),
(347, 16, 17, 1),
(348, 16, 18, 1),
(349, 16, 19, 1),
(350, 16, 20, 1),
(351, 16, 21, 1),
(352, 16, 22, 1),
(353, 17, 1, 1),
(354, 17, 2, 1),
(355, 17, 3, 1),
(356, 17, 4, 1),
(357, 17, 5, 1),
(358, 17, 6, 1),
(359, 17, 7, 1),
(360, 17, 8, 1),
(361, 17, 9, 1),
(362, 17, 10, 1),
(363, 17, 11, 1),
(364, 17, 12, 1),
(365, 17, 13, 1),
(366, 17, 14, 1),
(367, 17, 15, 1),
(368, 17, 16, 1),
(369, 17, 17, 1),
(370, 17, 18, 1),
(371, 17, 19, 1),
(372, 17, 20, 1),
(373, 17, 21, 1),
(374, 17, 22, 1),
(375, 18, 2, 1),
(376, 18, 3, 1),
(377, 18, 4, 1),
(378, 18, 7, 1),
(379, 18, 8, 1),
(380, 18, 9, 1),
(381, 18, 10, 1),
(382, 18, 12, 1),
(383, 18, 13, 1),
(384, 18, 14, 1),
(385, 18, 15, 1),
(386, 18, 16, 1),
(387, 18, 21, 1),
(388, 18, 22, 1),
(389, 19, 2, 1),
(390, 19, 3, 1),
(391, 19, 4, 1),
(392, 19, 7, 1),
(393, 19, 8, 1),
(394, 19, 9, 1),
(395, 19, 10, 1),
(396, 19, 12, 1),
(397, 19, 13, 1),
(398, 19, 14, 1),
(399, 19, 15, 1),
(400, 19, 16, 1),
(401, 19, 21, 1),
(402, 19, 22, 1),
(403, 20, 2, 1),
(404, 20, 3, 1),
(405, 20, 4, 1),
(406, 20, 7, 1),
(407, 20, 8, 1),
(408, 20, 9, 1),
(409, 20, 10, 1),
(410, 20, 12, 1),
(411, 20, 13, 1),
(412, 20, 14, 1),
(413, 20, 15, 1),
(414, 20, 16, 1),
(415, 20, 21, 1),
(416, 20, 22, 1),
(417, 21, 2, 1),
(418, 21, 3, 1),
(419, 21, 4, 1),
(420, 21, 7, 1),
(421, 21, 8, 1),
(422, 21, 9, 1),
(423, 21, 10, 1),
(424, 21, 12, 1),
(425, 21, 13, 1),
(426, 21, 14, 1),
(427, 21, 15, 1),
(428, 21, 16, 1),
(429, 21, 21, 1),
(430, 21, 22, 1),
(431, 22, 2, 1),
(432, 22, 13, 1),
(433, 22, 3, 1),
(434, 22, 21, 1),
(435, 22, 22, 1),
(436, 22, 9, 1),
(437, 22, 15, 1),
(438, 22, 11, 1),
(439, 22, 7, 1),
(440, 22, 10, 1),
(441, 23, 2, 1),
(442, 23, 13, 1),
(443, 23, 3, 1),
(444, 23, 21, 1),
(445, 23, 22, 1),
(446, 23, 9, 1),
(447, 23, 15, 1),
(448, 23, 11, 1),
(449, 23, 7, 1),
(450, 23, 10, 1),
(451, 24, 2, 1),
(452, 24, 13, 1),
(453, 24, 3, 1),
(454, 24, 21, 1),
(455, 24, 22, 1),
(456, 24, 9, 1),
(457, 24, 15, 1),
(458, 24, 11, 1),
(459, 24, 7, 1),
(460, 24, 10, 1),
(461, 25, 3, 1),
(462, 25, 21, 1),
(463, 25, 22, 1),
(464, 25, 15, 1),
(465, 25, 17, 1),
(466, 25, 8, 1),
(467, 25, 10, 1),
(468, 26, 2, 1),
(469, 26, 13, 1),
(470, 26, 3, 1),
(471, 26, 21, 1),
(472, 26, 22, 1),
(473, 26, 9, 1),
(474, 26, 15, 1),
(475, 26, 11, 1),
(476, 26, 7, 1),
(477, 26, 10, 1),
(478, 27, 2, 1),
(479, 27, 13, 1),
(480, 27, 3, 1),
(481, 27, 21, 1),
(482, 27, 22, 1),
(483, 27, 9, 1),
(484, 27, 15, 1),
(485, 27, 11, 1),
(486, 27, 7, 1),
(487, 27, 10, 1),
(488, 28, 2, 1),
(489, 28, 3, 1),
(490, 28, 21, 1),
(491, 28, 22, 1),
(492, 28, 9, 1),
(493, 28, 15, 1),
(494, 28, 10, 1),
(495, 28, 7, 1),
(496, 29, 2, 1),
(497, 29, 3, 1),
(498, 29, 21, 1),
(499, 29, 22, 1),
(500, 29, 9, 1),
(501, 29, 15, 1),
(502, 29, 10, 1),
(503, 29, 7, 1),
(504, 30, 2, 1),
(505, 30, 3, 1),
(506, 30, 21, 1),
(507, 30, 22, 1),
(508, 30, 9, 1),
(509, 30, 15, 1),
(510, 30, 10, 1),
(511, 30, 7, 1),
(512, 31, 2, 1),
(513, 31, 3, 1),
(514, 31, 21, 1),
(515, 31, 22, 1),
(516, 31, 9, 1),
(517, 31, 15, 1),
(518, 31, 10, 1),
(519, 31, 7, 1),
(520, 32, 2, 1),
(521, 32, 3, 1),
(522, 32, 21, 1),
(523, 32, 22, 1),
(524, 32, 9, 1),
(525, 32, 15, 1),
(526, 32, 10, 1),
(527, 32, 7, 1),
(528, 33, 2, 1),
(529, 33, 3, 1),
(530, 33, 21, 1),
(531, 33, 22, 1),
(532, 33, 9, 1),
(533, 33, 15, 1),
(534, 33, 10, 1),
(535, 33, 7, 1),
(536, 34, 1, 1),
(537, 34, 2, 1),
(538, 34, 3, 1),
(539, 34, 21, 1),
(540, 34, 22, 1),
(541, 34, 4, 1),
(542, 34, 12, 1),
(543, 34, 13, 1),
(544, 34, 14, 1),
(545, 34, 9, 1),
(546, 34, 11, 1),
(547, 34, 15, 1),
(548, 34, 16, 1),
(549, 35, 1, 1),
(550, 35, 2, 1),
(551, 35, 3, 1),
(552, 35, 21, 1),
(553, 35, 22, 1),
(554, 35, 4, 1),
(555, 35, 12, 1),
(556, 35, 13, 1),
(557, 35, 14, 1),
(558, 35, 9, 1),
(559, 35, 11, 1),
(560, 35, 15, 1),
(561, 35, 16, 1),
(562, 36, 3, 1),
(563, 36, 21, 1),
(564, 36, 22, 1),
(565, 36, 15, 1),
(566, 36, 17, 1),
(567, 36, 8, 1),
(568, 36, 10, 1),
(569, 37, 1, 1),
(570, 37, 2, 1),
(571, 37, 3, 1),
(572, 37, 4, 1),
(573, 37, 5, 1),
(574, 37, 6, 1),
(575, 37, 7, 1),
(576, 37, 8, 1),
(577, 37, 9, 1),
(578, 37, 10, 1),
(579, 37, 11, 1),
(580, 37, 12, 1),
(581, 37, 13, 1),
(582, 37, 14, 1),
(583, 37, 15, 1),
(584, 37, 16, 1),
(585, 37, 17, 1),
(586, 37, 18, 1),
(587, 37, 19, 1),
(588, 37, 20, 1),
(589, 37, 21, 1),
(590, 37, 22, 1),
(591, 38, 1, 1),
(592, 38, 2, 1),
(593, 38, 3, 1),
(594, 38, 4, 1),
(595, 38, 5, 1),
(596, 38, 6, 1),
(597, 38, 7, 1),
(598, 38, 8, 1),
(599, 38, 9, 1),
(600, 38, 10, 1),
(601, 38, 11, 1),
(602, 38, 12, 1),
(603, 38, 13, 1),
(604, 38, 14, 1),
(605, 38, 15, 1),
(606, 38, 16, 1),
(607, 38, 17, 1),
(608, 38, 18, 1),
(609, 38, 19, 1),
(610, 38, 20, 1),
(611, 38, 21, 1),
(612, 38, 22, 1),
(613, 39, 6, 1),
(614, 39, 17, 1),
(615, 40, 1, 1),
(616, 40, 2, 1),
(617, 40, 3, 1),
(618, 40, 4, 1),
(619, 40, 5, 1),
(620, 40, 6, 1),
(621, 40, 7, 1),
(622, 40, 8, 1),
(623, 40, 9, 1),
(624, 40, 10, 1),
(625, 40, 11, 1),
(626, 40, 12, 1),
(627, 40, 13, 1),
(628, 40, 14, 1),
(629, 40, 15, 1),
(630, 40, 16, 1),
(631, 40, 17, 1),
(632, 40, 18, 1),
(633, 40, 19, 1),
(634, 40, 20, 1),
(635, 40, 21, 1),
(636, 40, 22, 1),
(637, 41, 1, 1),
(638, 41, 2, 1),
(639, 41, 3, 1),
(640, 41, 4, 1),
(641, 41, 5, 1),
(642, 41, 6, 1),
(643, 41, 7, 1),
(644, 41, 8, 1),
(645, 41, 9, 1),
(646, 41, 10, 1),
(647, 41, 11, 1),
(648, 41, 12, 1),
(649, 41, 13, 1),
(650, 41, 14, 1),
(651, 41, 15, 1),
(652, 41, 16, 1),
(653, 41, 17, 1),
(654, 41, 18, 1),
(655, 41, 19, 1),
(656, 41, 20, 1),
(657, 41, 21, 1),
(658, 41, 22, 1),
(659, 42, 1, 1),
(660, 42, 2, 1),
(661, 42, 3, 1),
(662, 42, 4, 1),
(663, 42, 5, 1),
(664, 42, 6, 1),
(665, 42, 7, 1),
(666, 42, 8, 1),
(667, 42, 9, 1),
(668, 42, 10, 1),
(669, 42, 11, 1),
(670, 42, 12, 1),
(671, 42, 13, 1),
(672, 42, 14, 1),
(673, 42, 15, 1),
(674, 42, 16, 1),
(675, 42, 17, 1),
(676, 42, 18, 1),
(677, 42, 19, 1),
(678, 42, 20, 1),
(679, 42, 21, 1),
(680, 42, 22, 1),
(681, 43, 1, 1),
(682, 43, 2, 1),
(683, 43, 3, 1),
(684, 43, 4, 1),
(685, 43, 5, 1),
(686, 43, 6, 1),
(687, 43, 7, 1),
(688, 43, 8, 1),
(689, 43, 9, 1),
(690, 43, 10, 1),
(691, 43, 11, 1),
(692, 43, 12, 1),
(693, 43, 13, 1),
(694, 43, 14, 1),
(695, 43, 15, 1),
(696, 43, 16, 1),
(697, 43, 17, 1),
(698, 43, 18, 1),
(699, 43, 19, 1),
(700, 43, 20, 1),
(701, 43, 21, 1),
(702, 43, 22, 1),
(703, 44, 1, 1),
(704, 44, 2, 1),
(705, 44, 3, 1),
(706, 44, 4, 1),
(707, 44, 5, 1),
(708, 44, 6, 1),
(709, 44, 7, 1),
(710, 44, 8, 1),
(711, 44, 9, 1),
(712, 44, 10, 1),
(713, 44, 11, 1),
(714, 44, 12, 1),
(715, 44, 13, 1),
(716, 44, 14, 1),
(717, 44, 15, 1),
(718, 44, 16, 1),
(719, 44, 17, 1),
(720, 44, 18, 1),
(721, 44, 19, 1),
(722, 44, 20, 1),
(723, 44, 21, 1),
(724, 44, 22, 1),
(725, 45, 1, 1),
(726, 45, 2, 1),
(727, 45, 3, 1),
(728, 45, 4, 1),
(729, 45, 5, 1),
(730, 45, 6, 1),
(731, 45, 7, 1),
(732, 45, 8, 1),
(733, 45, 9, 1),
(734, 45, 10, 1),
(735, 45, 11, 1),
(736, 45, 12, 1),
(737, 45, 13, 1),
(738, 45, 14, 1),
(739, 45, 15, 1),
(740, 45, 16, 1),
(741, 45, 17, 1),
(742, 45, 18, 1),
(743, 45, 19, 1),
(744, 45, 20, 1),
(745, 45, 21, 1),
(746, 45, 22, 1),
(747, 46, 1, 1),
(748, 46, 2, 1),
(749, 46, 3, 1),
(750, 46, 4, 1),
(751, 46, 5, 1),
(752, 46, 6, 1),
(753, 46, 7, 1),
(754, 46, 8, 1),
(755, 46, 9, 1),
(756, 46, 10, 1),
(757, 46, 11, 1),
(758, 46, 12, 1),
(759, 46, 13, 1),
(760, 46, 14, 1),
(761, 46, 15, 1),
(762, 46, 16, 1),
(763, 46, 17, 1),
(764, 46, 18, 1),
(765, 46, 19, 1),
(766, 46, 20, 1),
(767, 46, 21, 1),
(768, 46, 22, 1),
(769, 47, 1, 1),
(770, 47, 2, 1),
(771, 47, 3, 1),
(772, 47, 4, 1),
(773, 47, 5, 1),
(774, 47, 6, 1),
(775, 47, 7, 1),
(776, 47, 8, 1),
(777, 47, 9, 1),
(778, 47, 10, 1),
(779, 47, 11, 1),
(780, 47, 12, 1),
(781, 47, 13, 1),
(782, 47, 14, 1),
(783, 47, 15, 1),
(784, 47, 16, 1),
(785, 47, 17, 1),
(786, 47, 18, 1),
(787, 47, 19, 1),
(788, 47, 20, 1),
(789, 47, 21, 1),
(790, 47, 22, 1),
(791, 48, 1, 1),
(792, 48, 2, 1),
(793, 48, 3, 1),
(794, 48, 4, 1),
(795, 48, 5, 1),
(796, 48, 6, 1),
(797, 48, 7, 1),
(798, 48, 8, 1),
(799, 48, 9, 1),
(800, 48, 10, 1),
(801, 48, 11, 1),
(802, 48, 12, 1),
(803, 48, 13, 1),
(804, 48, 14, 1),
(805, 48, 15, 1),
(806, 48, 16, 1),
(807, 48, 17, 1),
(808, 48, 18, 1),
(809, 48, 19, 1),
(810, 48, 20, 1),
(811, 48, 21, 1),
(812, 48, 22, 1),
(813, 49, 2, 1),
(814, 49, 12, 1),
(815, 49, 3, 1),
(816, 49, 21, 1),
(817, 49, 22, 1),
(818, 49, 15, 1),
(819, 49, 16, 1),
(820, 49, 17, 1),
(821, 49, 11, 1),
(822, 49, 4, 1),
(823, 49, 5, 1),
(824, 49, 6, 1),
(825, 49, 7, 1),
(826, 50, 2, 1),
(827, 50, 12, 1),
(828, 50, 13, 1),
(829, 50, 14, 1),
(830, 50, 3, 1),
(831, 50, 21, 1),
(832, 50, 22, 1),
(833, 50, 9, 1),
(834, 50, 16, 1),
(835, 50, 11, 1),
(836, 50, 4, 1),
(837, 50, 5, 1),
(838, 50, 6, 1),
(839, 50, 7, 1),
(840, 50, 17, 1),
(841, 50, 10, 1),
(842, 51, 23, 1),
(843, 51, 24, 1),
(844, 51, 25, 1),
(845, 51, 27, 1),
(846, 51, 28, 1),
(847, 52, 23, 1),
(848, 52, 24, 1),
(849, 53, 23, 1),
(850, 53, 24, 1),
(851, 54, 23, 1),
(852, 54, 24, 1),
(853, 54, 25, 1),
(854, 54, 26, 1),
(855, 54, 27, 1),
(856, 54, 28, 1),
(857, 55, 23, 1),
(858, 55, 24, 1),
(859, 55, 25, 1),
(860, 55, 26, 1),
(861, 55, 27, 1),
(862, 55, 28, 1),
(863, 56, 23, 1),
(864, 56, 24, 1),
(865, 56, 25, 1),
(866, 56, 26, 1),
(867, 56, 27, 1),
(868, 56, 28, 1),
(869, 57, 23, 1),
(870, 57, 24, 1),
(871, 57, 25, 1),
(872, 57, 26, 1),
(873, 57, 27, 1),
(874, 57, 28, 1),
(875, 58, 23, 1),
(876, 58, 24, 1),
(877, 58, 28, 1),
(878, 59, 23, 1),
(879, 59, 24, 1),
(880, 59, 27, 1),
(881, 59, 28, 1),
(882, 60, 23, 1),
(883, 60, 27, 1),
(884, 61, 23, 1),
(885, 61, 27, 1),
(886, 62, 23, 1),
(887, 62, 24, 1),
(888, 62, 25, 1),
(889, 62, 26, 1),
(890, 62, 27, 1),
(891, 62, 28, 1),
(892, 63, 23, 1),
(893, 63, 24, 1),
(894, 63, 25, 1),
(895, 63, 26, 1),
(896, 63, 27, 1),
(897, 63, 28, 1),
(898, 64, 23, 1),
(899, 64, 24, 1),
(900, 64, 27, 1),
(901, 64, 28, 1),
(902, 65, 23, 1),
(903, 65, 24, 1),
(904, 65, 25, 1),
(905, 65, 26, 1),
(906, 65, 27, 1),
(907, 65, 28, 1),
(908, 66, 23, 1),
(909, 66, 24, 1),
(910, 66, 25, 1),
(911, 66, 26, 1),
(912, 66, 27, 1),
(913, 66, 28, 1),
(914, 67, 23, 1),
(915, 67, 24, 1),
(916, 67, 25, 1),
(917, 67, 26, 1),
(918, 67, 27, 1),
(919, 67, 28, 1),
(920, 68, 23, 1),
(921, 68, 24, 1),
(922, 68, 25, 1),
(923, 68, 26, 1),
(924, 68, 27, 1),
(925, 68, 28, 1),
(926, 69, 23, 1),
(927, 69, 24, 1),
(928, 69, 26, 1),
(929, 69, 28, 1),
(930, 70, 23, 1),
(931, 70, 24, 1),
(932, 70, 25, 1),
(933, 70, 26, 1),
(934, 70, 27, 1),
(935, 70, 28, 1),
(936, 91, 2, 1),
(937, 91, 1, 1),
(938, 91, 12, 1),
(939, 91, 3, 1),
(940, 91, 21, 1),
(941, 91, 22, 1),
(942, 91, 9, 1),
(943, 91, 15, 1),
(944, 91, 16, 1),
(945, 91, 11, 1),
(946, 91, 4, 1),
(947, 91, 7, 1),
(948, 91, 2, 1),
(949, 91, 1, 1),
(950, 91, 12, 1),
(951, 91, 3, 1),
(952, 91, 21, 1),
(953, 91, 22, 1),
(954, 91, 9, 1),
(955, 91, 15, 1),
(956, 91, 16, 1),
(957, 91, 11, 1),
(958, 91, 4, 1),
(959, 91, 7, 1),
(960, 92, 2, 1),
(961, 92, 1, 1),
(962, 92, 12, 1),
(963, 92, 3, 1),
(964, 92, 21, 1),
(965, 92, 22, 1),
(966, 92, 9, 1),
(967, 92, 15, 1),
(968, 92, 16, 1),
(969, 92, 11, 1),
(970, 92, 4, 1),
(971, 92, 7, 1),
(972, 93, 2, 1),
(973, 93, 1, 1),
(974, 93, 12, 1),
(975, 93, 3, 1),
(976, 93, 21, 1),
(977, 93, 22, 1),
(978, 93, 9, 1),
(979, 93, 15, 1),
(980, 93, 16, 1),
(981, 93, 11, 1),
(982, 93, 4, 1),
(983, 93, 7, 1),
(984, 94, 2, 1),
(985, 94, 1, 1),
(986, 94, 12, 1),
(987, 94, 3, 1),
(988, 94, 21, 1),
(989, 94, 22, 1),
(990, 94, 9, 1),
(991, 94, 15, 1),
(992, 94, 16, 1),
(993, 94, 11, 1),
(994, 94, 4, 1),
(995, 94, 7, 1),
(996, 95, 2, 1),
(997, 95, 1, 1),
(998, 95, 12, 1),
(999, 95, 3, 1),
(1000, 95, 21, 1),
(1001, 95, 22, 1),
(1002, 95, 9, 1),
(1003, 95, 15, 1),
(1004, 95, 16, 1),
(1005, 95, 11, 1),
(1006, 95, 4, 1),
(1007, 95, 7, 1),
(1008, 96, 2, 1),
(1009, 96, 1, 1),
(1010, 96, 12, 1),
(1011, 96, 3, 1),
(1012, 96, 21, 1),
(1013, 96, 22, 1),
(1014, 96, 9, 1),
(1015, 96, 15, 1),
(1016, 96, 16, 1),
(1017, 96, 11, 1),
(1018, 96, 4, 1),
(1019, 96, 7, 1),
(1020, 97, 2, 1),
(1021, 97, 1, 1),
(1022, 97, 12, 1),
(1023, 97, 3, 1),
(1024, 97, 21, 1),
(1025, 97, 22, 1),
(1026, 97, 9, 1),
(1027, 97, 15, 1),
(1028, 97, 16, 1),
(1029, 97, 11, 1),
(1030, 97, 4, 1),
(1031, 97, 7, 1),
(1032, 98, 2, 1),
(1033, 98, 1, 1),
(1034, 98, 12, 1),
(1035, 98, 3, 1),
(1036, 98, 21, 1),
(1037, 98, 22, 1),
(1038, 98, 9, 1),
(1039, 98, 15, 1),
(1040, 98, 16, 1),
(1041, 98, 11, 1),
(1042, 98, 4, 1),
(1043, 98, 7, 1),
(1044, 99, 2, 1),
(1045, 99, 1, 1),
(1046, 99, 12, 1),
(1047, 99, 3, 1),
(1048, 99, 21, 1),
(1049, 99, 22, 1),
(1050, 99, 9, 1),
(1051, 99, 15, 1),
(1052, 99, 16, 1),
(1053, 99, 11, 1),
(1054, 99, 4, 1),
(1055, 99, 7, 1),
(1056, 100, 2, 1),
(1057, 100, 1, 1),
(1058, 100, 12, 1),
(1059, 100, 3, 1),
(1060, 100, 21, 1),
(1061, 100, 22, 1),
(1062, 100, 9, 1),
(1063, 100, 15, 1),
(1064, 100, 16, 1),
(1065, 100, 11, 1),
(1066, 100, 4, 1),
(1067, 100, 7, 1),
(1068, 101, 2, 1),
(1069, 101, 1, 1),
(1070, 101, 12, 1),
(1071, 101, 3, 1),
(1072, 101, 21, 1),
(1073, 101, 22, 1),
(1074, 101, 9, 1),
(1075, 101, 15, 1),
(1076, 101, 16, 1),
(1077, 101, 11, 1),
(1078, 101, 4, 1),
(1079, 101, 7, 1),
(1080, 104, 1, 1),
(1081, 104, 2, 1),
(1082, 104, 3, 1),
(1083, 104, 4, 1),
(1084, 104, 5, 1),
(1085, 104, 6, 1),
(1086, 104, 7, 1),
(1087, 104, 8, 1),
(1088, 104, 9, 1),
(1089, 104, 10, 1),
(1090, 104, 11, 1),
(1091, 104, 12, 1),
(1092, 104, 13, 1),
(1093, 104, 14, 1),
(1094, 104, 15, 1),
(1095, 104, 16, 1),
(1096, 104, 17, 1),
(1097, 104, 18, 1),
(1098, 104, 19, 1),
(1099, 104, 20, 1),
(1100, 104, 21, 1),
(1101, 104, 22, 1),
(1102, 105, 1, 1),
(1103, 105, 2, 1),
(1104, 105, 3, 1),
(1105, 105, 4, 1),
(1106, 105, 5, 1),
(1107, 105, 6, 1),
(1108, 105, 7, 1),
(1109, 105, 8, 1),
(1110, 105, 9, 1),
(1111, 105, 10, 1),
(1112, 105, 11, 1),
(1113, 105, 12, 1),
(1114, 105, 13, 1),
(1115, 105, 14, 1),
(1116, 105, 15, 1),
(1117, 105, 16, 1),
(1118, 105, 17, 1),
(1119, 105, 18, 1),
(1120, 105, 19, 1),
(1121, 105, 20, 1),
(1122, 105, 21, 1),
(1123, 105, 22, 1),
(1124, 106, 1, 1),
(1125, 106, 2, 1),
(1126, 106, 3, 1),
(1127, 106, 4, 1),
(1128, 106, 5, 1),
(1129, 106, 6, 1),
(1130, 106, 7, 1),
(1131, 106, 8, 1),
(1132, 106, 9, 1),
(1133, 106, 10, 1),
(1134, 106, 11, 1),
(1135, 106, 12, 1),
(1136, 106, 13, 1),
(1137, 106, 14, 1),
(1138, 106, 15, 1),
(1139, 106, 16, 1),
(1140, 106, 17, 1),
(1141, 106, 18, 1),
(1142, 106, 19, 1),
(1143, 106, 20, 1),
(1144, 106, 21, 1),
(1145, 106, 22, 1),
(1146, 107, 1, 1),
(1147, 107, 2, 1),
(1148, 107, 3, 1),
(1149, 107, 4, 1),
(1150, 107, 5, 1),
(1151, 107, 6, 1),
(1152, 107, 7, 1),
(1153, 107, 8, 1),
(1154, 107, 9, 1),
(1155, 107, 10, 1),
(1156, 107, 11, 1),
(1157, 107, 12, 1),
(1158, 107, 13, 1),
(1159, 107, 14, 1),
(1160, 107, 15, 1),
(1161, 107, 16, 1),
(1162, 107, 17, 1),
(1163, 107, 18, 1),
(1164, 107, 19, 1),
(1165, 107, 20, 1),
(1166, 107, 21, 1),
(1167, 107, 22, 1),
(1168, 108, 1, 1),
(1169, 108, 2, 1),
(1170, 108, 3, 1),
(1171, 108, 4, 1),
(1172, 108, 5, 1),
(1173, 108, 6, 1),
(1174, 108, 7, 1),
(1175, 108, 8, 1),
(1176, 108, 9, 1),
(1177, 108, 10, 1),
(1178, 108, 11, 1),
(1179, 108, 12, 1),
(1180, 108, 13, 1),
(1181, 108, 14, 1),
(1182, 108, 15, 1),
(1183, 108, 16, 1),
(1184, 108, 17, 1),
(1185, 108, 18, 1),
(1186, 108, 19, 1),
(1187, 108, 20, 1),
(1188, 108, 21, 1),
(1189, 108, 22, 1),
(1190, 109, 1, 1),
(1191, 109, 2, 1),
(1192, 109, 3, 1),
(1193, 109, 4, 1),
(1194, 109, 5, 1),
(1195, 109, 6, 1),
(1196, 109, 7, 1),
(1197, 109, 8, 1),
(1198, 109, 9, 1),
(1199, 109, 10, 1),
(1200, 109, 11, 1),
(1201, 109, 12, 1),
(1202, 109, 13, 1),
(1203, 109, 14, 1),
(1204, 109, 15, 1),
(1205, 109, 16, 1),
(1206, 109, 17, 1),
(1207, 109, 18, 1),
(1208, 109, 19, 1),
(1209, 109, 20, 1),
(1210, 109, 21, 1),
(1211, 109, 22, 1),
(1212, 110, 1, 1),
(1213, 110, 2, 1),
(1214, 110, 3, 1),
(1215, 110, 4, 1),
(1216, 110, 5, 1),
(1217, 110, 6, 1),
(1218, 110, 7, 1),
(1219, 110, 8, 1),
(1220, 110, 9, 1),
(1221, 110, 10, 1),
(1222, 110, 11, 1),
(1223, 110, 12, 1),
(1224, 110, 13, 1),
(1225, 110, 14, 1),
(1226, 110, 15, 1),
(1227, 110, 16, 1),
(1228, 110, 17, 1),
(1229, 110, 18, 1),
(1230, 110, 19, 1),
(1231, 110, 20, 1),
(1232, 110, 21, 1),
(1233, 110, 22, 1),
(1234, 111, 1, 1),
(1235, 111, 2, 1),
(1236, 111, 3, 1),
(1237, 111, 4, 1),
(1238, 111, 5, 1),
(1239, 111, 6, 1),
(1240, 111, 7, 1),
(1241, 111, 8, 1),
(1242, 111, 9, 1),
(1243, 111, 10, 1),
(1244, 111, 11, 1),
(1245, 111, 12, 1),
(1246, 111, 13, 1),
(1247, 111, 14, 1),
(1248, 111, 15, 1),
(1249, 111, 16, 1),
(1250, 111, 17, 1),
(1251, 111, 18, 1),
(1252, 111, 19, 1),
(1253, 111, 20, 1),
(1254, 111, 21, 1),
(1255, 111, 22, 1),
(1256, 112, 1, 1),
(1257, 112, 2, 1),
(1258, 112, 3, 1),
(1259, 112, 4, 1),
(1260, 112, 5, 1),
(1261, 112, 6, 1),
(1262, 112, 7, 1),
(1263, 112, 8, 1),
(1264, 112, 9, 1),
(1265, 112, 10, 1),
(1266, 112, 11, 1),
(1267, 112, 12, 1),
(1268, 112, 13, 1),
(1269, 112, 14, 1),
(1270, 112, 15, 1),
(1271, 112, 16, 1),
(1272, 112, 17, 1),
(1273, 112, 18, 1),
(1274, 112, 19, 1),
(1275, 112, 20, 1),
(1276, 112, 21, 1),
(1277, 112, 22, 1),
(1278, 113, 1, 1),
(1279, 113, 2, 1),
(1280, 113, 3, 1),
(1281, 113, 4, 1),
(1282, 113, 5, 1),
(1283, 113, 6, 1),
(1284, 113, 7, 1),
(1285, 113, 8, 1),
(1286, 113, 9, 1),
(1287, 113, 10, 1),
(1288, 113, 11, 1),
(1289, 113, 12, 1),
(1290, 113, 13, 1),
(1291, 113, 14, 1),
(1292, 113, 15, 1),
(1293, 113, 16, 1),
(1294, 113, 17, 1),
(1295, 113, 18, 1),
(1296, 113, 19, 1),
(1297, 113, 20, 1),
(1298, 113, 21, 1),
(1299, 113, 22, 1);

-- --------------------------------------------------------

--
-- Estructura de tabla para la tabla `servicios_promociones`
--

DROP TABLE IF EXISTS `servicios_promociones`;
CREATE TABLE IF NOT EXISTS `servicios_promociones` (
  `id` int(11) NOT NULL AUTO_INCREMENT,
  `id_servicios` int(11) NOT NULL,
  `id_promociones` int(11) NOT NULL,
  `status` tinyint(1) NOT NULL,
  PRIMARY KEY (`id`),
  KEY `id_servicios` (`id_servicios`),
  KEY `id_promociones` (`id_promociones`)
) ENGINE=MyISAM DEFAULT CHARSET=latin1;

-- --------------------------------------------------------

--
-- Estructura de tabla para la tabla `slider_inicio`
--

DROP TABLE IF EXISTS `slider_inicio`;
CREATE TABLE IF NOT EXISTS `slider_inicio` (
  `id` int(11) NOT NULL AUTO_INCREMENT,
  `nombre` varchar(60) NOT NULL,
  `descripcion` varchar(255) NOT NULL,
  `boton` varchar(20) NOT NULL,
  `url` varchar(800) NOT NULL,
  `archivo` varchar(255) DEFAULT NULL,
  `status` tinyint(4) NOT NULL,
  PRIMARY KEY (`id`)
) ENGINE=InnoDB AUTO_INCREMENT=4 DEFAULT CHARSET=latin1;

--
-- Volcado de datos para la tabla `slider_inicio`
--

INSERT INTO `slider_inicio` (`id`, `nombre`, `descripcion`, `boton`, `url`, `archivo`, `status`) VALUES
(1, '¡VIVE LA MEJOR EXPERIENCIA DE RELAJACIÓN!', 'El bienestar y la salud son un deber, de otra manera no podríamos mantener nuestra mente fuerte y clara', 'Agendar Cita', 'data-toggle=\"modal\" data-target=\"#Modal_formulario_cita_lanzamiento\"', './views/slider_inicio/archivos/153962043293.jpg', 1),
(2, '¡CON EL MEJOR NIVEL EN SERVICIOS Y EXPERIENCIA!', 'La mayor riqueza es la salud.', 'Ir a Servicios', 'href=\"index.php#indicador_menu_servicios\"', './views/slider_inicio/archivos/153929894891.jpg', 1),
(3, '¡REVITALIZA TUS SENTIDOS Y REFRESCA TU MENTE!', 'Vive momentos inolvidables, nosotros te lo garantizamos.', 'Agendar Cita', 'data-toggle=\"modal\" data-target=\"#Modal_formulario_cita_lanzamiento\"', './views/slider_inicio/archivos/153929953143.jpg', 1);

-- --------------------------------------------------------

--
-- Estructura de tabla para la tabla `slider_nosotros`
--

DROP TABLE IF EXISTS `slider_nosotros`;
CREATE TABLE IF NOT EXISTS `slider_nosotros` (
  `id` int(11) NOT NULL AUTO_INCREMENT,
  `nombre` varchar(20) NOT NULL,
  `descripcion` varchar(255) NOT NULL,
  `prefijo` varchar(10) NOT NULL,
  `status` tinyint(4) NOT NULL,
  PRIMARY KEY (`id`)
) ENGINE=InnoDB AUTO_INCREMENT=7 DEFAULT CHARSET=latin1;

--
-- Volcado de datos para la tabla `slider_nosotros`
--

INSERT INTO `slider_nosotros` (`id`, `nombre`, `descripcion`, `prefijo`, `status`) VALUES
(1, 'RELAJATE', 'El ambiente se apoderará de tu mente brindándote paz y tranquilidad.', 'en', 1),
(2, 'VIVE', 'La experiencia SHIFRA envolverá cada uno de tus sentidos. ', 'en', 1),
(3, 'SUEÑA', 'Alinea tu vibra y deja volar tu imaginación. RESPIRA: Ofrece a tu cuerpo la recompensa que se merece.', 'en', 1),
(4, 'RESPIRA', 'Ofrece a tu cuerpo la recompensa que se merece.', 'en', 1),
(5, 'DISFRUTA', 'Déjate llevar y regálate un momento de paz.', 'en', 1),
(6, 'DESCUBRE', 'Conócete y date cuenta del buen equilibrio al juntar mente y ser.', 'en', 1);

-- --------------------------------------------------------

--
-- Estructura de tabla para la tabla `subgrupo_servicios`
--

DROP TABLE IF EXISTS `subgrupo_servicios`;
CREATE TABLE IF NOT EXISTS `subgrupo_servicios` (
  `id` int(11) NOT NULL AUTO_INCREMENT,
  `nombre` varchar(255) COLLATE utf8_spanish2_ci NOT NULL,
  `descripcion` text COLLATE utf8_spanish2_ci,
  `grupo_servicios_id` int(11) NOT NULL,
  `status` tinyint(1) NOT NULL,
  PRIMARY KEY (`id`),
  KEY `grupo_servicios_id` (`grupo_servicios_id`)
) ENGINE=InnoDB AUTO_INCREMENT=14 DEFAULT CHARSET=utf8 COLLATE=utf8_spanish2_ci;

--
-- Volcado de datos para la tabla `subgrupo_servicios`
--

INSERT INTO `subgrupo_servicios` (`id`, `nombre`, `descripcion`, `grupo_servicios_id`, `status`) VALUES
(1, 'Rituales_Generales', 'Que pertenece al grupo: Rituales Románticos', 1, 1),
(2, 'Exfoliaciones_Generales', 'Que pertenece al grupo: Exfoliaciones \r\n', 2, 1),
(3, 'Exfoliaciones_Hidroterapia', 'Que pertenece al grupo: Exfoliaciones\r\n', 2, 1),
(4, 'Exfoliaciones_Envolturas Corporales', 'Que pertenece al grupo: Exfoliaciones\r\n', 2, 1),
(5, 'Exfoliaciones_Rituales', 'Que pertenece al grupo: Exfoliaciones\r\n\r\n', 2, 1),
(6, 'Exfoliaciones_Tratamientos Especiales', 'Que pertenece al grupo: Exfoliaciones', 2, 1),
(7, 'Tratamientos_Programa Semanal', 'Que pertenece al grupo: Tratamientos Corporales', 3, 1),
(8, 'Tratamientos_Corporales con aparatología\r\n\r\n', 'Que pertenece al grupo: Tratamientos Corporale', 3, 1),
(9, 'Faciales_Generales\r\n', 'Que pertenece al grupo: Faciales con Aparatología', 4, 1),
(10, 'Masajes_Generales', 'Que pertenece al grupo: Masajes', 5, 1),
(11, 'Barberia_Generales', 'Que pertenece al grupo: Barberia', 6, 1),
(12, 'Estetica_Generales', 'Que pertenece al grupo: Estetica', 7, 1),
(13, 'Natura_bisse', 'ntuición, pasión, perseverancia, investigación y la conexión con las personas definen la esencia de nuestra marca, especializada en el cuidado de la piel.', 4, 1);

-- --------------------------------------------------------

--
-- Estructura de tabla para la tabla `tipo_grupal`
--

DROP TABLE IF EXISTS `tipo_grupal`;
CREATE TABLE IF NOT EXISTS `tipo_grupal` (
  `id` int(11) NOT NULL AUTO_INCREMENT,
  `promociones_id` int(11) NOT NULL,
  `grupo_servicios_id` int(11) NOT NULL,
  `descripcion` varchar(255) NOT NULL,
  `status` tinyint(4) NOT NULL,
  PRIMARY KEY (`id`),
  UNIQUE KEY `conecta grupo servicios` (`grupo_servicios_id`),
  KEY `conecta a promociones` (`promociones_id`) USING BTREE
) ENGINE=InnoDB AUTO_INCREMENT=10 DEFAULT CHARSET=latin1;

--
-- Volcado de datos para la tabla `tipo_grupal`
--

INSERT INTO `tipo_grupal` (`id`, `promociones_id`, `grupo_servicios_id`, `descripcion`, `status`) VALUES
(1, 1, 3, 'Venta nocturna /tratamientos corporales', 1),
(2, 2, 6, 'venta nocturna/barberia', 1),
(7, 2, 7, '0', 1),
(8, 3, 4, '0', 1),
(9, 4, 5, '0', 1);

-- --------------------------------------------------------

--
-- Estructura de tabla para la tabla `tipo_individual`
--

DROP TABLE IF EXISTS `tipo_individual`;
CREATE TABLE IF NOT EXISTS `tipo_individual` (
  `id` int(11) NOT NULL AUTO_INCREMENT,
  `promociones_id` int(11) NOT NULL,
  `servicios_id` int(11) NOT NULL,
  `descripcion` varchar(255) NOT NULL,
  `status` tinyint(4) NOT NULL,
  PRIMARY KEY (`id`),
  KEY `conecta_promociones` (`promociones_id`) USING BTREE,
  KEY `conecta_servicios` (`servicios_id`) USING BTREE
) ENGINE=InnoDB AUTO_INCREMENT=3 DEFAULT CHARSET=latin1;

--
-- Volcado de datos para la tabla `tipo_individual`
--

INSERT INTO `tipo_individual` (`id`, `promociones_id`, `servicios_id`, `descripcion`, `status`) VALUES
(1, 5, 37, '', 1),
(2, 5, 5, '', 1);

-- --------------------------------------------------------

--
-- Estructura de tabla para la tabla `tipo_prepago`
--

DROP TABLE IF EXISTS `tipo_prepago`;
CREATE TABLE IF NOT EXISTS `tipo_prepago` (
  `id` int(11) NOT NULL AUTO_INCREMENT,
  `nombre` varchar(45) COLLATE utf8mb4_spanish2_ci DEFAULT NULL,
  `status` tinyint(1) DEFAULT NULL,
  PRIMARY KEY (`id`)
) ENGINE=InnoDB AUTO_INCREMENT=3 DEFAULT CHARSET=utf8mb4 COLLATE=utf8mb4_spanish2_ci;

--
-- Volcado de datos para la tabla `tipo_prepago`
--

INSERT INTO `tipo_prepago` (`id`, `nombre`, `status`) VALUES
(1, 'Efectivo', 1),
(2, 'Servicio', 1);

-- --------------------------------------------------------

--
-- Estructura de tabla para la tabla `tipo_subgrupal`
--

DROP TABLE IF EXISTS `tipo_subgrupal`;
CREATE TABLE IF NOT EXISTS `tipo_subgrupal` (
  `id` int(11) NOT NULL,
  `promociones_id` int(11) NOT NULL,
  `subgrupo_servicios_id` int(11) NOT NULL,
  `status` tinyint(4) NOT NULL,
  PRIMARY KEY (`id`),
  UNIQUE KEY `conecta promociones` (`promociones_id`),
  UNIQUE KEY `conecta subgrupo` (`subgrupo_servicios_id`)
) ENGINE=InnoDB DEFAULT CHARSET=latin1;

-- --------------------------------------------------------

--
-- Estructura de tabla para la tabla `usuario`
--

DROP TABLE IF EXISTS `usuario`;
CREATE TABLE IF NOT EXISTS `usuario` (
  `id` int(11) NOT NULL AUTO_INCREMENT,
  `user` varchar(200) NOT NULL,
  `password` varchar(50) NOT NULL,
  `email` varchar(200) NOT NULL,
  `descripcion` text NOT NULL,
  `archivo` varchar(255) NOT NULL,
  `grupo_id` int(11) NOT NULL,
  `status` int(11) DEFAULT NULL,
  PRIMARY KEY (`id`),
  UNIQUE KEY `user` (`user`) USING BTREE,
  UNIQUE KEY `password` (`password`) USING BTREE,
  UNIQUE KEY `email` (`email`) USING BTREE,
  KEY `grupo_id` (`grupo_id`) USING BTREE
) ENGINE=InnoDB AUTO_INCREMENT=7 DEFAULT CHARSET=utf8 ROW_FORMAT=DYNAMIC;

--
-- Volcado de datos para la tabla `usuario`
--

INSERT INTO `usuario` (`id`, `user`, `password`, `email`, `descripcion`, `archivo`, `grupo_id`, `status`) VALUES
(1, 'Emanuel', '1203031', 'earias20@gmail.com', 'ING. SISTEMAS COMPUTACIONALES', './views/usuario/archivos/15283909208.jpg', 1, 1),
(6, 'usuario_shifra', 'shifra', 'mastershifraspa@gmail.com', 'Administrador', './views/usuario/archivos/154050480239.png', 2, 1);

-- --------------------------------------------------------

--
-- Estructura de tabla para la tabla `video_inicio`
--

DROP TABLE IF EXISTS `video_inicio`;
CREATE TABLE IF NOT EXISTS `video_inicio` (
  `id` int(11) NOT NULL AUTO_INCREMENT,
  `archivo` varchar(255) DEFAULT NULL,
  `status` tinyint(4) DEFAULT NULL,
  PRIMARY KEY (`id`)
) ENGINE=InnoDB AUTO_INCREMENT=2 DEFAULT CHARSET=latin1;

--
-- Volcado de datos para la tabla `video_inicio`
--

INSERT INTO `video_inicio` (`id`, `archivo`, `status`) VALUES
(1, './views/video_inicio/archivos/portada.mp4', 1);

--
-- Restricciones para tablas volcadas
--

--
-- Filtros para la tabla `accion`
--
ALTER TABLE `accion`
  ADD CONSTRAINT `accion_ibfk_1` FOREIGN KEY (`seccion_menu_id`) REFERENCES `seccion_menu` (`id`) ON UPDATE CASCADE;

--
-- Filtros para la tabla `accion_grupo`
--
ALTER TABLE `accion_grupo`
  ADD CONSTRAINT `accion_grupo_ibfk_1` FOREIGN KEY (`accion_id`) REFERENCES `accion` (`id`) ON UPDATE CASCADE,
  ADD CONSTRAINT `accion_grupo_ibfk_2` FOREIGN KEY (`grupo_id`) REFERENCES `grupo` (`id`) ON UPDATE CASCADE;

--
-- Filtros para la tabla `elemento_lista`
--
ALTER TABLE `elemento_lista`
  ADD CONSTRAINT `seccion_elemento_lista` FOREIGN KEY (`seccion_menu_id`) REFERENCES `seccion_menu` (`id`);

--
-- Filtros para la tabla `prepagos`
--
ALTER TABLE `prepagos`
  ADD CONSTRAINT `clientes_id` FOREIGN KEY (`clientes_id`) REFERENCES `clientes` (`id`) ON DELETE NO ACTION ON UPDATE NO ACTION,
  ADD CONSTRAINT `prepagos_ibfk_1` FOREIGN KEY (`tipo_prepago_id`) REFERENCES `prepagos` (`id`);

--
-- Filtros para la tabla `prepagos_cantidad`
--
ALTER TABLE `prepagos_cantidad`
  ADD CONSTRAINT `prepago_id` FOREIGN KEY (`prepagos_id`) REFERENCES `prepagos` (`id`) ON DELETE NO ACTION ON UPDATE NO ACTION;

--
-- Filtros para la tabla `prepagos_servicios`
--
ALTER TABLE `prepagos_servicios`
  ADD CONSTRAINT `prepagos_servicios_ibfk_1` FOREIGN KEY (`prepagos_id`) REFERENCES `prepagos` (`id`),
  ADD CONSTRAINT `prepagos_servicios_ibfk_2` FOREIGN KEY (`servicios_id`) REFERENCES `servicios` (`id`);
COMMIT;

/*!40101 SET CHARACTER_SET_CLIENT=@OLD_CHARACTER_SET_CLIENT */;
/*!40101 SET CHARACTER_SET_RESULTS=@OLD_CHARACTER_SET_RESULTS */;
/*!40101 SET COLLATION_CONNECTION=@OLD_COLLATION_CONNECTION */;
